{
  "display": {
    "icon": {
      "id": "minecraft:sunflower"
    },
    "title": {
      "text": "Coin Collector",
      "bold": true
    },
    "description": {
      "text": "Collect all 20 coins hidden throughout the map!",
      "color": "gray",
      "bold": false
    },
    "frame": "goal",
    "show_toast": true,
    "announce_to_chat": false,
    "hidden": false
  },
  "parent": "main:root",
  "criteria": {
    "coin": {
      "trigger": "minecraft:tick",
      "conditions": {
        "player": [
          {
            "condition": "minecraft:value_check",
            "value": {
              "type": "minecraft:score",
              "target": "this",
              "score": "coins_found",
              "scale": 1
            },
            "range": {
              "min": 1,
              "max": 1000
            }
          }
        ]
      }
    },
    "coin2": {
      "trigger": "minecraft:tick",
      "conditions": {
        "player": [
          {
            "condition": "minecraft:value_check",
            "value": {
              "type": "minecraft:score",
              "target": "this",
              "score": "coins_found",
              "scale": 1
            },
            "range": {
              "min": 2,
              "max": 1000
            }
          }
        ]
      }
    },
    "coin3": {
      "trigger": "minecraft:tick",
      "conditions": {
        "player": [
          {
            "condition": "minecraft:value_check",
            "value": {
              "type": "minecraft:score",
              "target": "this",
              "score": "coins_found",
              "scale": 1
            },
            "range": {
              "min": 3,
              "max": 1000
            }
          }
        ]
      }
    },
    "coin4": {
      "trigger": "minecraft:tick",
      "conditions": {
        "player": [
          {
            "condition": "minecraft:value_check",
            "value": {
              "type": "minecraft:score",
              "target": "this",
              "score": "coins_found",
              "scale": 1
            },
            "range": {
              "min": 4,
              "max": 1000
            }
          }
        ]
      }
    },
    "coin5": {
      "trigger": "minecraft:tick",
      "conditions": {
        "player": [
          {
            "condition": "minecraft:value_check",
            "value": {
              "type": "minecraft:score",
              "target": "this",
              "score": "coins_found",
              "scale": 1
            },
            "range": {
              "min": 5,
              "max": 1000
            }
          }
        ]
      }
    },
    "coin6": {
      "trigger": "minecraft:tick",
      "conditions": {
        "player": [
          {
            "condition": "minecraft:value_check",
            "value": {
              "type": "minecraft:score",
              "target": "this",
              "score": "coins_found",
              "scale": 1
            },
            "range": {
              "min": 6,
              "max": 1000
            }
          }
        ]
      }
    },
    "coin7": {
      "trigger": "minecraft:tick",
      "conditions": {
        "player": [
          {
            "condition": "minecraft:value_check",
            "value": {
              "type": "minecraft:score",
              "target": "this",
              "score": "coins_found",
              "scale": 1
            },
            "range": {
              "min": 7,
              "max": 1000
            }
          }
        ]
      }
    },
    "coin8": {
      "trigger": "minecraft:tick",
      "conditions": {
        "player": [
          {
            "condition": "minecraft:value_check",
            "value": {
              "type": "minecraft:score",
              "target": "this",
              "score": "coins_found",
              "scale": 1
            },
            "range": {
              "min": 8,
              "max": 1000
            }
          }
        ]
      }
    },
    "coin9": {
      "trigger": "minecraft:tick",
      "conditions": {
        "player": [
          {
            "condition": "minecraft:value_check",
            "value": {
              "type": "minecraft:score",
              "target": "this",
              "score": "coins_found",
              "scale": 1
            },
            "range": {
              "min": 9,
              "max": 1000
            }
          }
        ]
      }
    },
    "coin10": {
      "trigger": "minecraft:tick",
      "conditions": {
        "player": [
          {
            "condition": "minecraft:value_check",
            "value": {
              "type": "minecraft:score",
              "target": "this",
              "score": "coins_found",
              "scale": 1
            },
            "range": {
              "min": 10,
              "max": 1000
            }
          }
        ]
      }
    },
    "coin11": {
      "trigger": "minecraft:tick",
      "conditions": {
        "player": [
          {
            "condition": "minecraft:value_check",
            "value": {
              "type": "minecraft:score",
              "target": "this",
              "score": "coins_found",
              "scale": 1
            },
            "range": {
              "min": 11,
              "max": 1000
            }
          }
        ]
      }
    },
    "coin12": {
      "trigger": "minecraft:tick",
      "conditions": {
        "player": [
          {
            "condition": "minecraft:value_check",
            "value": {
              "type": "minecraft:score",
              "target": "this",
              "score": "coins_found",
              "scale": 1
            },
            "range": {
              "min": 12,
              "max": 1000
            }
          }
        ]
      }
    },
    "coin13": {
      "trigger": "minecraft:tick",
      "conditions": {
        "player": [
          {
            "condition": "minecraft:value_check",
            "value": {
              "type": "minecraft:score",
              "target": "this",
              "score": "coins_found",
              "scale": 1
            },
            "range": {
              "min": 13,
              "max": 1000
            }
          }
        ]
      }
    },
    "coin14": {
      "trigger": "minecraft:tick",
      "conditions": {
        "player": [
          {
            "condition": "minecraft:value_check",
            "value": {
              "type": "minecraft:score",
              "target": "this",
              "score": "coins_found",
              "scale": 1
            },
            "range": {
              "min": 14,
              "max": 1000
            }
          }
        ]
      }
    },
    "coin15": {
      "trigger": "minecraft:tick",
      "conditions": {
        "player": [
          {
            "condition": "minecraft:value_check",
            "value": {
              "type": "minecraft:score",
              "target": "this",
              "score": "coins_found",
              "scale": 1
            },
            "range": {
              "min": 15,
              "max": 1000
            }
          }
        ]
      }
    },
    "coin16": {
      "trigger": "minecraft:tick",
      "conditions": {
        "player": [
          {
            "condition": "minecraft:value_check",
            "value": {
              "type": "minecraft:score",
              "target": "this",
              "score": "coins_found",
              "scale": 1
            },
            "range": {
              "min": 16,
              "max": 1000
            }
          }
        ]
      }
    },
    "coin17": {
      "trigger": "minecraft:tick",
      "conditions": {
        "player": [
          {
            "condition": "minecraft:value_check",
            "value": {
              "type": "minecraft:score",
              "target": "this",
              "score": "coins_found",
              "scale": 1
            },
            "range": {
              "min": 17,
              "max": 1000
            }
          }
        ]
      }
    },
    "coin18": {
      "trigger": "minecraft:tick",
      "conditions": {
        "player": [
          {
            "condition": "minecraft:value_check",
            "value": {
              "type": "minecraft:score",
              "target": "this",
              "score": "coins_found",
              "scale": 1
            },
            "range": {
              "min": 18,
              "max": 1000
            }
          }
        ]
      }
    },
    "coin19": {
      "trigger": "minecraft:tick",
      "conditions": {
        "player": [
          {
            "condition": "minecraft:value_check",
            "value": {
              "type": "minecraft:score",
              "target": "this",
              "score": "coins_found",
              "scale": 1
            },
            "range": {
              "min": 19,
              "max": 1000
            }
          }
        ]
      }
    },
    "coin20": {
      "trigger": "minecraft:tick",
      "conditions": {
        "player": [
          {
            "condition": "minecraft:value_check",
            "value": {
              "type": "minecraft:score",
              "target": "this",
              "score": "coins_found",
              "scale": 1
            },
            "range": {
              "min": 20,
              "max": 1000
            }
          }
        ]
      }
    }
  }
}
