{"stats":{"minecraft:dropped":{"sophisticatedbackpacks:crafting_upgrade":1,"sophisticatedbackpacks:stack_upgrade_tier_4":1,"sophisticatedbackpacks:smelting_upgrade":1,"sophisticatedbackpacks:netherite_backpack":1},"minecraft:custom":{"minecraft:jump":143,"minecraft:time_since_rest":14581,"minecraft:damage_dealt":80,"minecraft:leave_game":1,"minecraft:sprint_one_cm":32647,"minecraft:play_time":14581,"minecraft:damage_taken":275,"minecraft:time_since_death":14581,"minecraft:walk_one_cm":22164,"minecraft:total_world_time":14581,"minecraft:drop":4,"minecraft:fall_one_cm":743,"minecraft:fly_one_cm":53362}},"DataVersion":3465}