{"stats":{"minecraft:custom":{"minecraft:jump":114,"minecraft:time_since_rest":6831,"minecraft:leave_game":1,"minecraft:damage_taken":80,"minecraft:walk_on_water_one_cm":261,"minecraft:sprint_one_cm":15271,"minecraft:play_time":6831,"minecraft:time_since_death":6831,"minecraft:walk_one_cm":3814,"minecraft:total_world_time":6831,"minecraft:walk_under_water_one_cm":810,"minecraft:swim_one_cm":7653,"minecraft:fall_one_cm":3877,"minecraft:fly_one_cm":18819},"minecraft:picked_up":{"minecraft:spruce_log":3},"minecraft:mined":{"minecraft:large_fern":3,"minecraft:spruce_leaves":8,"minecraft:spruce_log":3,"minecraft:fern":1},"minecraft:used":{"minecraft:spruce_log":1},"minecraft:crafted":{"minecraft:crafting_table":1,"minecraft:spruce_planks":8}},"DataVersion":3700}