{"stats":{"minecraft:custom":{"minecraft:jump":83,"minecraft:time_since_rest":7490,"minecraft:damage_dealt":73,"minecraft:crouch_one_cm":17,"minecraft:sprint_one_cm":24978,"minecraft:play_time":7490,"minecraft:damage_taken":140,"minecraft:time_since_death":7490,"minecraft:walk_one_cm":8987,"minecraft:sneak_time":11,"minecraft:total_world_time":7490,"minecraft:fall_one_cm":1792,"minecraft:fly_one_cm":11946},"minecraft:picked_up":{"minecraft:wheat_seeds":1},"minecraft:mined":{"minecraft:grass":1}},"DataVersion":3465}