{"stats":{"minecraft:used":{"minecraft:dirt":1},"minecraft:picked_up":{"minecraft:sand":1,"minecraft:wheat_seeds":1,"minecraft:dirt":1},"minecraft:mined":{"minecraft:grass":1,"minecraft:dirt_path":1,"minecraft:sand":1},"minecraft:custom":{"minecraft:jump":86,"minecraft:time_since_rest":21880,"minecraft:damage_dealt":73,"minecraft:crouch_one_cm":20,"minecraft:leave_game":2,"minecraft:play_time":21880,"minecraft:sprint_one_cm":24978,"minecraft:damage_taken":140,"minecraft:time_since_death":21880,"minecraft:walk_one_cm":10734,"minecraft:sneak_time":19,"minecraft:total_world_time":21880,"minecraft:fall_one_cm":1792,"minecraft:fly_one_cm":11946}},"DataVersion":3465}