{"stats":{"minecraft:custom":{"minecraft:mob_kills":125,"minecraft:interact_with_crafting_table":62,"minecraft:open_barrel":7,"minecraft:damage_dealt_resisted":1217,"minecraft:eat_cake_slice":2,"minecraft:leave_game":2,"minecraft:time_since_death":10713,"minecraft:climb_one_cm":8347,"minecraft:sprint_one_cm":733831,"minecraft:walk_one_cm":453352,"minecraft:drop":60,"minecraft:damage_dealt_absorbed":43,"minecraft:play_time":141420,"minecraft:deaths":7,"minecraft:sneak_time":12325,"minecraft:walk_under_water_one_cm":51883,"minecraft:boat_one_cm":23815,"minecraft:interact_with_lectern":1,"minecraft:jump":1832,"minecraft:interact_with_brewingstand":1,"minecraft:walk_on_water_one_cm":49571,"minecraft:total_world_time":141420,"minecraft:interact_with_furnace":83,"minecraft:sleep_in_bed":6,"minecraft:waystone_activated":1,"minecraft:time_since_rest":10735,"minecraft:damage_taken":3806,"minecraft:damage_dealt":18204,"minecraft:swim_one_cm":210830,"minecraft:fly_one_cm":613760,"minecraft:player_kills":3,"minecraft:open_chest":38,"minecraft:crouch_one_cm":63417,"minecraft:interact_with_smoker":10,"minecraft:fall_one_cm":53872},"minecraft:picked_up":{"irons_spellbooks:scroll":1,"sophisticatedbackpacks:gold_backpack":5,"minecraft:crafting_table":7,"minecraft:mud_brick_slab":1,"minecraft:birch_door":7,"minecraft:wheat":5,"born_in_chaos_v1:river_mint":3,"minecraft:brown_mushroom":16,"minecraft:wooden_pickaxe":2,"minecraft:potion":2,"minecraft:chain":1,"minecraft:shield":5,"epicfight:stray_pants":12,"minecraft:string":37,"minecraft:raw_copper":89,"epicfight:stray_hat":3,"minecraft:iron_leggings":8,"iceandfire:graveyard_soil":3,"minecraft:cracked_stone_bricks":2,"irons_spellbooks:arcane_essence":4,"minecraft:beef":7,"born_in_chaos_v1:gnawed_bones":1,"minecraft:spruce_slab":1,"alexsmobs:cooked_lobster_tail":1,"minecraft:chest":1,"minecraft:furnace":8,"minecraft:tipped_arrow":7,"iceandfire:copper_pickaxe":1,"minecraft:stick":17,"minecraft:raw_iron":7,"born_in_chaos_v1:shattered_skull":2,"minecraft:copper_ingot":27,"minecraft:acacia_log":29,"minecraft:torch":406,"minecraft:bowl":1,"minecraft:spruce_stairs":1,"epicfight:skillbook":5,"minecraft:dark_oak_planks":9,"iceandfire:lightning_lily":1,"minecraft:arrow":28,"minecraft:rotten_flesh":30,"minecraft:cooked_cod":19,"minecraft:gold_ingot":20,"sophisticatedbackpacks:copper_backpack":1,"minecraft:glow_berries":5,"minecraft:mutton":2,"alexsmobs:lobster_tail":3,"minecraft:cod":20,"alexsmobs:flying_fish":2,"minecraft:cobblestone":67,"born_in_chaos_v1:corpse_maggot":13,"minecraft:mud_bricks":2,"minecraft:dark_oak_button":3,"born_in_chaos_v1:monster_flesh":2,"born_in_chaos_v1:spiritual_dust":4,"minecraft:leather":4,"minecraft:black_bed":5,"minecraft:smoker":2,"minecraft:red_mushroom":8,"minecraft:potato":3,"minecraft:birch_planks":21,"paraglider:spirit_orb":50,"minecraft:packed_mud":1,"minecraft:stripped_spruce_wood":1,"minecraft:oak_log":13,"minecraft:golden_boots":8,"minecraft:gunpowder":6,"born_in_chaos_v1:monster_skin":2,"minecraft:bone":49,"minecraft:acacia_planks":79,"minecraft:stone_bricks":3,"minecraft:kelp":7,"minecraft:wheat_seeds":4,"born_in_chaos_v1:smoked_flesh":3,"minecraft:spruce_wood":2,"minecraft:iron_ingot":41,"minecraft:stone_pickaxe":9,"minecraft:moss_block":4,"minecraft:oak_planks":1,"minecraft:book":174,"minecraft:black_candle":1,"born_in_chaos_v1:death_totem":1,"irons_spellbooks:frozen_bone":38,"minecraft:sweet_berries":10,"epicfight:stone_greatsword":7,"born_in_chaos_v1:orbofthe_summoner":1,"born_in_chaos_v1:ethereal_spirit":2,"minecraft:poisonous_potato":6,"minecraft:gravel":3,"minecraft:dark_oak_log":2,"minecraft:spider_eye":3,"minecraft:spruce_door":1,"alexsmobs:raw_catfish":5,"minecraft:slime_ball":2,"minecraft:stone_axe":7,"waystones:waystone":1,"minecraft:bread":18,"minecraft:oak_sapling":2,"minecraft:damaged_anvil":1,"minecraft:coal":320,"iceandfire:raw_silver":1,"minecraft:ender_pearl":6},"minecraft:broken":{"minecraft:stone_pickaxe":2,"minecraft:stone_axe":2,"epicfight:stone_greatsword":1,"epicfight:stray_hat":1},"minecraft:mined":{"minecraft:spruce_planks":1,"iceandfire:graveyard_soil":7,"iceandfire:silver_ore":1,"minecraft:dark_oak_log":2,"minecraft:acacia_log":33,"minecraft:brown_mushroom_block":29,"minecraft:mud_bricks":2,"minecraft:moss_block":2,"minecraft:spawner":5,"minecraft:large_fern":3,"minecraft:tall_seagrass":8,"minecraft:packed_mud":1,"minecraft:furnace":8,"minecraft:brown_stained_glass":2,"minecraft:iron_ore":9,"minecraft:bookshelf":22,"minecraft:vine":2,"minecraft:spruce_wood":2,"minecraft:stone":59,"minecraft:spruce_slab":1,"minecraft:acacia_leaves":5,"minecraft:brown_mushroom":1,"minecraft:kelp_plant":5,"minecraft:smoker":2,"minecraft:crafting_table":5,"minecraft:mud_brick_stairs":1,"minecraft:tall_grass":1,"minecraft:cobblestone":3,"minecraft:copper_ore":15,"minecraft:damaged_anvil":1,"minecraft:seagrass":1,"minecraft:spruce_stairs":1,"minecraft:birch_planks":2,"minecraft:stripped_spruce_wood":1,"minecraft:mud":2,"born_in_chaos_v1:river_mint":3,"minecraft:black_bed":3,"minecraft:birch_door":1,"minecraft:grass":11,"minecraft:oak_log":13,"minecraft:coal_ore":175,"minecraft:dirt":6,"minecraft:gravel":4,"minecraft:cracked_stone_bricks":2,"minecraft:acacia_planks":19,"minecraft:red_mushroom_block":23,"minecraft:stone_bricks":3,"minecraft:oak_leaves":9,"minecraft:fern":1},"minecraft:killed":{"alexsmobs:lobster":5,"minecraft:cave_spider":5,"irons_spellbooks:summoned_zombie":1,"born_in_chaos_v1:restless_spirit":1,"minecraft:spider":3,"minecraft:cod":18,"born_in_chaos_v1:skeleton_thrasher_not_despawn":1,"born_in_chaos_v1:baby_skeleton_minion":8,"born_in_chaos_v1:maggot":3,"minecraft:skeleton":1,"born_in_chaos_v1:supreme_bonescaller_stage_2":1,"irons_spellbooks:summoned_skeleton":3,"alexsmobs:flying_fish":2,"born_in_chaos_v1:bone_imp_minion":17,"born_in_chaos_v1:baby_skeleton":6,"born_in_chaos_v1:swarmer":1,"irons_spellbooks:necromancer":1,"born_in_chaos_v1:decrepit_skeleton":5,"alexsmobs:catfish":1,"minecraft:zombie":12,"born_in_chaos_v1:dread_hound":2,"born_in_chaos_v1:bonescaller_not_despawn":2,"born_in_chaos_v1:corpse_fly":11,"alexsmobs:gazelle":3,"minecraft:stray":7,"minecraft:cow":1},"minecraft:dropped":{"minecraft:bread":1,"minecraft:moss_block":3,"minecraft:brown_mushroom":1,"minecraft:wheat_seeds":4,"minecraft:cooked_beef":1,"minecraft:mud_brick_slab":1,"born_in_chaos_v1:fried_maggot":6,"minecraft:leather":1,"minecraft:spruce_stairs":1,"sophisticatedbackpacks:gold_backpack":1,"minecraft:stick":8,"minecraft:packed_mud":1,"iceandfire:lightning_lily":1,"iceandfire:copper_pickaxe":2,"minecraft:gold_ingot":1,"minecraft:gravel":1,"minecraft:furnace":1,"minecraft:bowl":1,"minecraft:rotten_flesh":5,"born_in_chaos_v1:smoked_flesh":6,"minecraft:fern":3,"minecraft:cooked_mutton":1,"minecraft:tipped_arrow":1,"minecraft:mud_bricks":2,"minecraft:oak_sapling":2,"minecraft:spruce_wood":2,"minecraft:spruce_slab":1,"sophisticatedbackpacks:copper_backpack":1,"minecraft:arrow":1,"minecraft:beef":1,"minecraft:wooden_pickaxe":1,"minecraft:stripped_spruce_wood":1,"epicfight:skillbook":1},"minecraft:killed_by":{"minecraft:player":1},"minecraft:crafted":{"minecraft:stone_shovel":1,"minecraft:oak_planks":36,"minecraft:furnace":2,"minecraft:cooked_mutton":2,"sophisticatedbackpacks:copper_backpack":2,"minecraft:leather":4,"born_in_chaos_v1:fried_maggot":5,"iceandfire:armor_copper_metal_chestplate":1,"minecraft:stone_pickaxe":3,"minecraft:chest":2,"minecraft:birch_door":3,"alexsmobs:cooked_catfish":5,"iceandfire:copper_pickaxe":1,"minecraft:dark_oak_planks":8,"sophisticatedbackpacks:iron_backpack":2,"minecraft:smoker":1,"minecraft:cooked_beef":2,"minecraft:cooked_cod":18,"sophisticatedbackpacks:backpack":2,"alexsmobs:cooked_lobster_tail":2,"minecraft:crafting_table":4,"minecraft:dried_kelp":13,"minecraft:wooden_pickaxe":1,"minecraft:copper_ingot":34,"sophisticatedbackpacks:gold_backpack":2,"minecraft:dark_oak_button":3,"minecraft:bone":6,"epicfight:stone_greatsword":2,"minecraft:stone_axe":4,"minecraft:bread":1,"minecraft:air":0,"minecraft:white_wool":4,"minecraft:iron_ingot":4,"minecraft:stick":52,"born_in_chaos_v1:smoked_flesh":18,"minecraft:white_bed":1,"minecraft:acacia_planks":92,"minecraft:torch":112},"minecraft:used":{"minecraft:acacia_log":2,"minecraft:stone_shovel":14,"minecraft:dried_kelp":13,"minecraft:chest":1,"born_in_chaos_v1:fried_maggot":5,"minecraft:rotten_flesh":3,"minecraft:torch":63,"minecraft:dark_oak_planks":1,"minecraft:birch_door":1,"born_in_chaos_v1:corpse_maggot":2,"born_in_chaos_v1:smoked_flesh":15,"alexsmobs:lobster_tail":3,"alexsmobs:cooked_lobster_tail":3,"epicfight:stone_greatsword":207,"minecraft:sweet_berries":16,"minecraft:furnace":6,"minecraft:cooked_cod":19,"minecraft:potato":1,"minecraft:cooked_beef":1,"minecraft:acacia_planks":49,"minecraft:iron_leggings":1,"epicfight:skillbook":4,"minecraft:cooked_mutton":1,"alexsmobs:cooked_catfish":5,"minecraft:spruce_door":1,"minecraft:birch_planks":1,"minecraft:stone_pickaxe":308,"minecraft:oak_planks":23,"minecraft:wooden_pickaxe":25,"minecraft:brown_mushroom":2,"minecraft:glow_berries":9,"minecraft:crafting_table":7,"minecraft:white_bed":1,"minecraft:black_bed":4,"minecraft:smoker":1,"minecraft:oak_log":4,"alexsmobs:flying_fish":2,"minecraft:bread":3,"minecraft:stone_axe":218,"minecraft:cobblestone":12,"minecraft:cobweb":4}},"DataVersion":3465}