{"stats":{"minecraft:mined":{"minecraft:spruce_leaves":2,"minecraft:spruce_log":2},"minecraft:custom":{"minecraft:jump":48,"minecraft:time_since_rest":1523,"minecraft:deaths":2,"minecraft:walk_on_water_one_cm":201,"minecraft:damage_dealt":40,"minecraft:damage_taken":519,"minecraft:sprint_one_cm":4552,"minecraft:play_time":5908,"minecraft:time_since_death":187,"minecraft:walk_one_cm":3554,"minecraft:total_world_time":5908,"minecraft:walk_under_water_one_cm":795,"minecraft:swim_one_cm":7947,"minecraft:fall_one_cm":739,"minecraft:fly_one_cm":7573},"minecraft:picked_up":{"minecraft:spruce_log":2},"minecraft:killed_by":{"minecraft:player":2}},"DataVersion":3700}