{"stats":{"minecraft:used":{"minecraft:bedrock":31,"minecraft:dirt":11,"minecraft:spruce_log":2},"minecraft:killed":{"minecraft:player":1},"minecraft:custom":{"minecraft:open_chest":1,"minecraft:time_since_rest":9465,"minecraft:crouch_one_cm":251,"minecraft:play_time":29908,"minecraft:sprint_one_cm":34311,"minecraft:walk_one_cm":28460,"minecraft:damage_taken":1495,"minecraft:deaths":5,"minecraft:sneak_time":225,"minecraft:walk_under_water_one_cm":3553,"minecraft:drop":2,"minecraft:jump":343,"minecraft:damage_dealt":247,"minecraft:time_since_death":9438,"minecraft:walk_on_water_one_cm":1840,"minecraft:total_world_time":29908,"minecraft:interact_with_crafting_table":1,"minecraft:swim_one_cm":47975,"minecraft:player_kills":1,"minecraft:fall_one_cm":11200,"minecraft:fly_one_cm":100330},"minecraft:mined":{"minecraft:large_fern":4,"minecraft:wheat":3,"minecraft:sweet_berry_bush":5,"minecraft:spruce_leaves":3,"minecraft:spruce_log":4,"minecraft:fern":1},"minecraft:killed_by":{"minecraft:player":4},"minecraft:picked_up":{"minecraft:wheat":2,"minecraft:sweet_berries":13,"minecraft:wheat_seeds":8,"minecraft:spruce_planks":1,"minecraft:oak_boat":1,"minecraft:spruce_log":5,"minecraft:dirt":12},"minecraft:dropped":{"minecraft:wheat_seeds":2}},"DataVersion":3700}