{"stats":{"minecraft:used":{"minecraft:spruce_boat":3,"minecraft:diorite":12,"minecraft:wooden_pickaxe":35,"minecraft:stone_axe":40,"minecraft:bedrock":31,"minecraft:mutton":1,"minecraft:dirt":11,"minecraft:cobblestone":3,"minecraft:sweet_berries":13,"minecraft:crafting_table":3,"minecraft:oak_boat":1,"minecraft:andesite":5,"minecraft:spruce_log":2},"minecraft:killed":{"minecraft:sheep":3,"minecraft:pig":1,"minecraft:chicken":3,"minecraft:player":1,"minecraft:cow":1},"minecraft:mined":{"minecraft:large_fern":4,"minecraft:wheat":3,"minecraft:sweet_berry_bush":6,"minecraft:spruce_log":27,"minecraft:andesite":5,"minecraft:oak_log":8,"minecraft:spruce_leaves":4,"minecraft:stone":17,"minecraft:diorite":12,"minecraft:oak_leaves":1,"minecraft:fern":1},"minecraft:custom":{"minecraft:time_since_rest":21465,"minecraft:sprint_one_cm":92998,"minecraft:damage_taken":1725,"minecraft:walk_one_cm":41401,"minecraft:mob_kills":8,"minecraft:drop":2,"minecraft:damage_dealt":827,"minecraft:swim_one_cm":50179,"minecraft:interact_with_crafting_table":5,"minecraft:fly_one_cm":192757,"minecraft:player_kills":1,"minecraft:open_chest":1,"minecraft:crouch_one_cm":762,"minecraft:play_time":41908,"minecraft:deaths":5,"minecraft:sneak_time":1384,"minecraft:walk_under_water_one_cm":3597,"minecraft:boat_one_cm":59343,"minecraft:jump":747,"minecraft:walk_on_water_one_cm":2834,"minecraft:time_since_death":21438,"minecraft:total_world_time":41908,"minecraft:fall_one_cm":23211},"minecraft:killed_by":{"minecraft:player":4},"minecraft:picked_up":{"minecraft:stick":3,"minecraft:chicken":3,"minecraft:wheat":3,"minecraft:feather":5,"minecraft:sweet_berries":13,"minecraft:andesite":5,"minecraft:leather":1,"minecraft:porkchop":2,"minecraft:oak_log":8,"minecraft:diorite":12,"minecraft:spruce_log":28,"minecraft:dirt":12,"minecraft:wooden_sword":1,"minecraft:spruce_boat":3,"minecraft:wheat_seeds":12,"minecraft:spruce_planks":5,"minecraft:beef":3,"minecraft:oak_boat":1,"minecraft:mutton":4,"minecraft:white_wool":3,"minecraft:cobblestone":17},"minecraft:crafted":{"minecraft:oak_boat":1,"minecraft:oak_planks":32,"minecraft:crafting_table":3,"minecraft:spruce_planks":24,"minecraft:stick":4,"minecraft:wooden_pickaxe":1,"minecraft:stone_pickaxe":1,"minecraft:spruce_boat":1,"minecraft:stone_axe":1},"minecraft:dropped":{"minecraft:wheat_seeds":2}},"DataVersion":3700}