{"stats":{"minecraft:custom":{"minecraft:interact_with_crafting_table":79,"minecraft:open_barrel":50,"minecraft:eat_cake_slice":1,"minecraft:leave_game":4,"minecraft:time_since_death":56488,"minecraft:sprint_one_cm":1196991,"minecraft:drop":244,"minecraft:talked_to_villager":2,"minecraft:play_time":455651,"minecraft:deaths":10,"minecraft:interact_with_brewingstand":1,"minecraft:jump":6111,"minecraft:walk_on_water_one_cm":134153,"minecraft:interact_with_furnace":106,"minecraft:sleep_in_bed":6,"minecraft:waystone_activated":1,"minecraft:damage_dealt":31067,"minecraft:player_kills":2,"minecraft:crouch_one_cm":51313,"minecraft:interact_with_smoker":12,"minecraft:mob_kills":111,"minecraft:interact_with_anvil":7,"minecraft:inspect_hopper":1,"minecraft:damage_dealt_resisted":5602,"minecraft:climb_one_cm":26499,"minecraft:walk_one_cm":1346840,"minecraft:damage_dealt_absorbed":21046,"minecraft:sneak_time":14210,"minecraft:walk_under_water_one_cm":100887,"minecraft:boat_one_cm":42066,"minecraft:total_world_time":455651,"minecraft:time_since_rest":7362,"minecraft:damage_absorbed":80,"minecraft:damage_taken":8309,"minecraft:swim_one_cm":377040,"minecraft:fly_one_cm":4236294,"minecraft:open_chest":119,"minecraft:fall_one_cm":106480},"minecraft:picked_up":{"irons_spellbooks:scroll":3,"minecraft:iron_chestplate":1,"minecraft:wheat":61,"iceandfire:copper_sword":1,"iceandfire:armor_copper_metal_chestplate":4,"farmersdelight:rice_panicle":55,"alexscaves:trilocaris_tail":1,"minecraft:potion":3,"minecraft:brewing_stand":1,"iceandfire:armor_silver_metal_chestplate":1,"farmersdelight:cutting_board":1,"iceandfire:manuscript":6,"minecraft:string":80,"irons_spellbooks:heavy_chain_necklace":6,"paraglider:deku_leaf":1,"irons_spellbooks:arcane_essence":41,"minecraft:bucket":1,"farmersdelight:cabbage":70,"minecraft:spruce_planks":1,"iceandfire:ghost_chest":1,"minecraft:iron_pickaxe":6,"minecraft:calcite":2,"toolbelt:belt":2,"minecraft:iron_boots":4,"minecraft:tipped_arrow":5,"iceandfire:copper_pickaxe":1,"minecraft:melon_slice":64,"irons_spellbooks:inscription_table":3,"farmersdelight:cabbage_seeds":128,"born_in_chaos_v1:soulbane":1,"minecraft:furnace":7,"farmersdelight:red_mushroom_colony":64,"minecraft:stick":83,"farmersdelight:potato_crate":64,"born_in_chaos_v1:shattered_skull":3,"iceandfire:armor_copper_metal_leggings":1,"born_in_chaos_v1:phantom_powder":2,"minecraft:torch":2,"minecraft:acacia_log":18,"epicfight:skillbook":1,"born_in_chaos_v1:pileof_dark_metal":1,"minecraft:porkchop":139,"minecraft:dried_kelp":119,"minecraft:cauldron":1,"born_in_chaos_v1:nightmare_claw":2,"farmersdelight:chicken_cuts":132,"cataclysm:amethyst_crab_shell":4,"minecraft:stone_sword":3,"born_in_chaos_v1:fried_maggot":8,"iceandfire:lightning_lily":1,"farmersdelight:canvas":65,"alexsmobs:squid_grapple":1,"iceandfire:armor_silver_metal_boots":1,"farmersdelight:fried_egg":11,"minecraft:rotten_flesh":51,"farmersdelight:wild_cabbages":64,"born_in_chaos_v1:magical_holiday_candy":35,"born_in_chaos_v1:lord_pumpkinheads_lamp":1,"minecraft:tropical_fish":64,"farmersdelight:onion":56,"farmersdelight:tree_bark":64,"minecraft:iron_block":2,"farmersdelight:wild_onions":64,"farmersdelight:rope":79,"minecraft:mangrove_roots":1,"epicfight:stray_robe":2,"alexsmobs:flying_fish":10,"alexsmobs:lobster_tail":5,"farmersdelight:raw_pasta":64,"minecraft:cod":133,"farmersdelight:beetroot_crate":64,"minecraft:cobblestone":109,"minecraft:birch_log":8,"minecraft:feather":2,"minecraft:cooked_beef":295,"farmersdelight:rice":121,"minecraft:water_bucket":1,"minecraft:jungle_log":1,"minecraft:black_bed":1,"minecraft:smoker":1,"minecraft:mud_brick_stairs":2,"farmersdelight:safety_net":78,"minecraft:potato":64,"farmersdelight:bacon":64,"alexsmobs:bear_fur":2,"minecraft:magenta_dye":4,"minecraft:flint":1,"minecraft:tuff":1,"farmersdelight:cooked_bacon":75,"farmersdelight:sandy_shrub":128,"minecraft:wither_skeleton_skull":2,"farmersdelight:carrot_crate":64,"rats:raw_rat":1,"farmersdelight:cod_roll":7,"farmersdelight:chicken_sandwich":1,"farmersdelight:tomato":60,"minecraft:dirt":5,"minecraft:leather_boots":1,"born_in_chaos_v1:pumpkin_pistol":1,"born_in_chaos_v1:monster_skin":5,"minecraft:bone":40,"minecraft:acacia_planks":190,"farmersdelight:wheat_dough":65,"farmersdelight:salmon_roll":9,"minecraft:wheat_seeds":6,"farmersdelight:pumpkin_slice":64,"farmersdelight:egg_sandwich":1,"minecraft:rabbit":64,"minecraft:moss_block":20,"minecraft:oak_planks":12,"alexsmobs:vine_lasso":1,"farmersdelight:horse_feed":2,"farmersdelight:basket":64,"alexsmobs:rocky_chestplate":1,"irons_spellbooks:frozen_bone":6,"minecraft:poisonous_potato":12,"minecraft:dark_oak_log":2,"minecraft:mossy_cobblestone":2,"irons_spellbooks:ice_rune":1,"minecraft:diamond":2,"minecraft:bone_meal":6,"minecraft:golden_apple":7,"minecraft:emerald":8,"minecraft:bread":64,"irons_spellbooks:uncommon_ink":1,"minecraft:oak_sapling":1,"iceandfire:dragon_skull_lightning":3,"minecraft:mud_brick_slab":2,"farmersdelight:wild_tomatoes":64,"wom:satsujin":1,"sophisticatedbackpacks:gold_backpack":5,"minecraft:mud":5,"minecraft:charcoal":14,"minecraft:crafting_table":1,"minecraft:chicken":57,"minecraft:leather_leggings":1,"born_in_chaos_v1:seedof_chaos":2,"toolbelt:pouch":2,"minecraft:brown_mushroom":86,"farmersdelight:tomato_sauce":128,"farmersdelight:chicken_soup":1,"minecraft:chain":1,"farmersdelight:mutton_wrap":1,"farmersdelight:cooked_rice":7,"minecraft:iron_axe":1,"minecraft:wooden_sword":1,"minecraft:flint_and_steel":2,"farmersdelight:wild_potatoes":64,"iceandfire:graveyard_soil":2,"farmersdelight:beef_patty":61,"farmersdelight:half_tatami_mat":64,"minecraft:beef":2,"iceandfire:armor_silver_metal_leggings":1,"farmersdelight:straw":71,"farmersdelight:cod_slice":70,"born_in_chaos_v1:gnawed_bones":1,"irons_spellbooks:epic_ink":1,"minecraft:spruce_slab":2,"minecraft:birch_sapling":1,"farmersdelight:canvas_rug":64,"minecraft:chest":119,"farmersdelight:kelp_roll_slice":6,"minecraft:egg":16,"iceandfire:dragonbone":17,"minecraft:raw_iron":9,"farmersdelight:cabbage_crate":37,"minecraft:copper_ingot":1,"minecraft:bowl":60,"farmersdelight:tomato_seeds":64,"minecraft:cookie":64,"iceandfire:armor_copper_metal_boots":1,"born_in_chaos_v1:pieceofdarkmetal":6,"minecraft:carrot":120,"farmersdelight:wild_beetroots":64,"minecraft:dark_oak_planks":1,"iceandfire:silver_ingot":1,"minecraft:arrow":16,"minecraft:cooked_cod":5,"wom:netherite_staff":3,"minecraft:hay_block":13,"celestisynth:poltergeist":1,"farmersdelight:milk_bottle":31,"sophisticatedbackpacks:copper_backpack":1,"minecraft:gold_ingot":74,"farmersdelight:wild_carrots":64,"minecraft:glow_berries":62,"cfm:spatula":3,"minecraft:mutton":189,"farmersdelight:brown_mushroom_colony":64,"born_in_chaos_v1:corpse_maggot":27,"minecraft:mud_bricks":1,"minecraft:golden_carrot":1,"born_in_chaos_v1:monster_flesh":11,"minecraft:salmon":125,"minecraft:leather":62,"minecraft:red_mushroom":77,"minecraft:birch_planks":3,"minecraft:mushroom_stew":16,"minecraft:oak_log":3,"minecraft:lily_pad":5,"farmersdelight:salmon_slice":64,"rats:rat_pelt":1,"minecraft:gunpowder":2,"iceandfire:armor_copper_metal_helmet":4,"farmersdelight:skillet":2,"minecraft:paper":15,"minecraft:cooked_mutton":4,"irons_spellbooks:common_ink":1,"minecraft:apple":64,"minecraft:stone_bricks":1,"minecraft:kelp":13,"iceandfire:armor_silver_metal_helmet":1,"born_in_chaos_v1:smoked_flesh":6,"minecraft:spruce_wood":1,"minecraft:iron_ingot":65,"minecraft:stone_pickaxe":2,"minecraft:flowering_azalea":1,"minecraft:glass_bottle":9,"farmersdelight:dumplings":2,"farmersdelight:full_tatami_mat":64,"minecraft:dark_oak_stairs":1,"minecraft:book":130,"wom:agony":4,"minecraft:sweet_berries":64,"minecraft:pumpkin":127,"epicfight:stone_greatsword":1,"born_in_chaos_v1:ethereal_spirit":8,"minecraft:dandelion":8,"minecraft:gravel":17,"born_in_chaos_v1:dark_rod":1,"minecraft:white_bed":1,"farmersdelight:wild_rice":64,"epicfight:uchigatana":1,"cataclysm:remnant_skull":1,"minecraft:spruce_log":3,"farmersdelight:cabbage_leaf":60,"minecraft:spider_eye":4,"alexsmobs:raw_catfish":6,"farmersdelight:stuffed_potato":1,"minecraft:dried_kelp_block":128,"minecraft:stone_axe":1,"irons_spellbooks:netherward_tincture":3,"iceandfire:troll_skull":2,"minecraft:baked_potato":124,"born_in_chaos_v1:pumpkin_bullet":27,"minecraft:coal":296},"minecraft:broken":{"minecraft:leather_leggings":1,"minecraft:stone_pickaxe":1,"minecraft:stone_axe":1,"minecraft:iron_axe":1,"minecraft:leather_boots":1,"minecraft:golden_pickaxe":1},"minecraft:mined":{"minecraft:dark_oak_planks":1,"iceandfire:graveyard_soil":2,"minecraft:white_bed":1,"minecraft:spruce_planks":1,"minecraft:brewing_stand":1,"minecraft:acacia_log":17,"minecraft:grass_block":2,"minecraft:mud_bricks":1,"minecraft:spawner":1,"minecraft:iron_ore":2,"minecraft:water_cauldron":1,"minecraft:dark_oak_stairs":1,"minecraft:spruce_wood":1,"minecraft:iron_block":2,"minecraft:spruce_slab":2,"minecraft:brown_mushroom":1,"minecraft:smoker":1,"farmersdelight:cabbage_crate":1,"minecraft:calcite":2,"minecraft:mud_brick_stairs":1,"iceandfire:ghost_chest":1,"minecraft:chest":1,"minecraft:dead_bush":1,"farmersdelight:safety_net":10,"minecraft:mushroom_stem":19,"minecraft:cobblestone":8,"minecraft:oak_planks":9,"minecraft:chain":2,"minecraft:mud":1,"minecraft:birch_log":7,"minecraft:black_bed":2,"minecraft:grass":14,"minecraft:oak_log":3,"minecraft:wither_skeleton_skull":1,"minecraft:red_mushroom_block":34,"minecraft:oak_leaves":1,"iceandfire:lightning_lily":1,"minecraft:tuff":1,"minecraft:mossy_cobblestone":2,"minecraft:dark_oak_log":2,"minecraft:brown_mushroom_block":67,"minecraft:moss_block":3,"minecraft:large_fern":5,"minecraft:hay_block":13,"minecraft:furnace":6,"minecraft:bookshelf":41,"minecraft:deepslate_iron_ore":1,"minecraft:vine":2,"irons_spellbooks:inscription_table":2,"minecraft:stone":52,"minecraft:mud_brick_slab":2,"minecraft:acacia_leaves":2,"minecraft:dandelion":1,"minecraft:crafting_table":1,"minecraft:tall_grass":4,"minecraft:lily_pad":5,"minecraft:birch_planks":2,"minecraft:spruce_log":1,"minecraft:birch_leaves":1,"minecraft:mangrove_leaves":2,"minecraft:coal_ore":102,"minecraft:gravel":3,"minecraft:cobweb":10,"minecraft:acacia_planks":23,"minecraft:stone_bricks":1,"minecraft:fern":1},"minecraft:killed":{"minecraft:cave_spider":1,"alexsmobs:lobster":7,"alexscaves:boundroid":1,"born_in_chaos_v1:zombie_lumberjack":1,"minecraft:spider":2,"minecraft:cod":12,"born_in_chaos_v1:lord_the_headless":1,"minecraft:skeleton":2,"minecraft:chicken":1,"irons_spellbooks:summoned_skeleton":2,"cataclysm:modern_remnant":1,"alexscaves:teletor":1,"minecraft:zombie_villager":2,"born_in_chaos_v1:senor_pumpkin":2,"irons_spellbooks:necromancer":2,"minecraft:creeper":2,"minecraft:zombie":8,"born_in_chaos_v1:dread_hound":3,"alexsmobs:terrapin":2,"born_in_chaos_v1:corpse_fly":13,"minecraft:stray":5,"alexsmobs:fly":1,"born_in_chaos_v1:door_knight":1,"born_in_chaos_v1:lords_felsteed":1,"irons_spellbooks:summoned_zombie":2,"born_in_chaos_v1:lord_pumpkinhead_head":1,"minecraft:phantom":2,"born_in_chaos_v1:maggot":5,"born_in_chaos_v1:lord_pumpkinhead":1,"minecraft:drowned":1,"alexsmobs:flying_fish":6,"born_in_chaos_v1:bone_imp_minion":3,"born_in_chaos_v1:baby_skeleton":2,"born_in_chaos_v1:spirit_guide_assistant":1,"born_in_chaos_v1:decrepit_skeleton":2,"alexscaves:magnetron":1,"alexsmobs:catfish":2,"born_in_chaos_v1:phantom_creeper_copy":2,"alexscaves:subterranodon":1,"born_in_chaos_v1:lord_pumpkinhead_withouta_horse":1,"born_in_chaos_v1:dark_vortex":1,"alexsmobs:caiman":1,"born_in_chaos_v1:nightmare_stalker":2},"minecraft:dropped":{"minecraft:moss_block":6,"minecraft:birch_planks":27,"minecraft:brown_mushroom":64,"minecraft:porkchop":144,"minecraft:mud_brick_slab":1,"minecraft:cooked_beef":306,"minecraft:baked_potato":128,"farmersdelight:pumpkin_slice":64,"minecraft:glass_bottle":9,"farmersdelight:cabbage_leaf":64,"minecraft:glow_berries":64,"minecraft:cookie":64,"farmersdelight:cooked_bacon":64,"minecraft:leather":73,"farmersdelight:milk_bottle":32,"farmersdelight:chicken_cuts":128,"farmersdelight:canvas_rug":64,"farmersdelight:beef_patty":64,"farmersdelight:rice":128,"minecraft:red_mushroom":64,"minecraft:cod":128,"born_in_chaos_v1:monster_flesh":4,"farmersdelight:salmon_roll":1,"farmersdelight:brown_mushroom_colony":64,"farmersdelight:cod_slice":64,"minecraft:mutton":193,"iceandfire:armor_silver_metal_leggings":1,"farmersdelight:safety_net":64,"minecraft:cooked_cod":1,"iceandfire:armor_copper_metal_boots":1,"farmersdelight:salmon_slice":66,"farmersdelight:wild_potatoes":64,"farmersdelight:wild_tomatoes":64,"farmersdelight:onion":64,"farmersdelight:wild_rice":64,"minecraft:bone_meal":1,"iceandfire:copper_pickaxe":2,"farmersdelight:half_tatami_mat":64,"minecraft:iron_pickaxe":1,"farmersdelight:egg_sandwich":2,"iceandfire:armor_silver_metal_helmet":1,"toolbelt:belt":2,"farmersdelight:sweet_berry_cheesecake":64,"minecraft:gold_ingot":64,"minecraft:gravel":1,"farmersdelight:barbecue_stick":1,"wom:agony":4,"farmersdelight:canvas":65,"farmersdelight:cabbage_crate":64,"alexsmobs:animal_dictionary":1,"minecraft:wheat":64,"farmersdelight:hot_cocoa":16,"farmersdelight:cabbage":64,"born_in_chaos_v1:smoked_flesh":3,"alexsmobs:rocky_chestplate":1,"minecraft:rotten_flesh":16,"minecraft:oak_planks":1,"minecraft:salmon":64,"minecraft:carrot":128,"paraglider:deku_leaf":1,"wom:netherite_staff":3,"farmersdelight:rice_panicle":64,"minecraft:tipped_arrow":2,"iceandfire:armor_silver_metal_boots":1,"born_in_chaos_v1:corpse_maggot":1,"minecraft:hopper":1,"minecraft:chest":130,"farmersdelight:red_mushroom_colony":64,"farmersdelight:rope":64,"celestisynth:poltergeist":1,"minecraft:spruce_slab":2,"minecraft:arrow":1,"minecraft:beef":64,"iceandfire:armor_copper_metal_leggings":1,"minecraft:golden_boots":1,"minecraft:egg":32,"minecraft:iron_ingot":64,"farmersdelight:tomato_seeds":64,"minecraft:water_bucket":1,"minecraft:bread":82,"farmersdelight:netherite_knife":1,"minecraft:wheat_seeds":1,"farmersdelight:skillet":2,"farmersdelight:full_tatami_mat":64,"minecraft:poisonous_potato":12,"iceandfire:armor_copper_metal_chestplate":1,"minecraft:feather":2,"minecraft:cobblestone":27,"minecraft:apple":64,"farmersdelight:tree_bark":64,"farmersdelight:wild_carrots":64,"minecraft:copper_ingot":28,"farmersdelight:wild_cabbages":64,"minecraft:tropical_fish":64,"alexsmobs:raw_catfish":4,"farmersdelight:cod_roll":1,"minecraft:golden_apple":16,"minecraft:mushroom_stew":16,"minecraft:stick":77,"alexsmobs:squid_grapple":1,"minecraft:dried_kelp_block":128,"alexscaves:trilocaris_tail":1,"minecraft:golden_carrot":1,"minecraft:torch":1,"iceandfire:lightning_lily":1,"farmersdelight:cooking_pot":1,"alexsmobs:cooked_lobster_tail":1,"farmersdelight:carrot_crate":64,"minecraft:rabbit":64,"minecraft:melon_slice":64,"farmersdelight:beetroot_crate":64,"iceandfire:armor_silver_metal_chestplate":1,"minecraft:iron_leggings":1,"minecraft:dried_kelp":128,"farmersdelight:bacon":128,"epicfight:stone_greatsword":1,"minecraft:pumpkin":64,"farmersdelight:sandy_shrub":128,"minecraft:string":75,"minecraft:bucket":1,"minecraft:acacia_planks":4,"iceandfire:dragonbone":1,"farmersdelight:wild_beetroots":64,"farmersdelight:wheat_dough":64,"farmersdelight:melon_juice":16,"farmersdelight:rotten_tomato":16,"farmersdelight:raw_pasta":64,"minecraft:kelp":7,"minecraft:sweet_berries":64,"epicfight:uchigatana":1,"minecraft:bowl":67,"wom:satsujin":1,"farmersdelight:cabbage_seeds":128,"farmersdelight:potato_crate":64,"farmersdelight:wild_onions":64,"minecraft:chicken":64,"farmersdelight:tomato_sauce":128,"cfm:spatula":3,"farmersdelight:straw":64,"iceandfire:armor_copper_metal_helmet":1,"farmersdelight:chicken_sandwich":1,"minecraft:flint_and_steel":2,"minecraft:potato":64,"farmersdelight:fried_egg":3,"minecraft:spruce_planks":4,"farmersdelight:horse_feed":2,"farmersdelight:chicken_soup":1,"minecraft:spider_eye":1,"farmersdelight:stove":1,"sophisticatedbackpacks:copper_backpack":1,"minecraft:stone_pickaxe":1,"farmersdelight:basket":64,"farmersdelight:tomato":64},"minecraft:killed_by":{"minecraft:player":5},"minecraft:crafted":{"minecraft:oak_planks":12,"farmersdelight:cabbage":9,"minecraft:cooked_chicken":1,"minecraft:iron_boots":1,"iceandfire:armor_copper_metal_chestplate":1,"iceandfire:copper_pickaxe":1,"alexsmobs:cooked_catfish":1,"minecraft:crafting_table":9,"minecraft:spruce_planks":4,"minecraft:baked_potato":4,"minecraft:golden_pickaxe":1,"minecraft:copper_ingot":25,"minecraft:birch_planks":28,"minecraft:stick":28,"born_in_chaos_v1:smoked_flesh":6,"minecraft:iron_pickaxe":2,"minecraft:iron_ingot":23,"minecraft:stone_sword":1,"minecraft:stone_shovel":1,"minecraft:furnace":1,"iceandfire:armor_copper_metal_helmet":1,"minecraft:leather":2,"minecraft:iron_axe":1,"born_in_chaos_v1:fried_maggot":18,"minecraft:stone_pickaxe":1,"minecraft:dark_oak_planks":8,"minecraft:wheat":117,"minecraft:cooked_beef":1,"minecraft:cooked_cod":11,"alexsmobs:cooked_lobster_tail":1,"minecraft:acacia_trapdoor":4,"minecraft:bucket":1,"minecraft:bone":6,"minecraft:stone_axe":1,"minecraft:jungle_planks":4,"minecraft:acacia_boat":1,"minecraft:air":0,"minecraft:bread":39,"farmersdelight:chicken_soup":1,"minecraft:acacia_planks":72},"minecraft:used":{"minecraft:moss_block":36,"wom:satsujin":16,"cfm:stripped_birch_table":6,"farmersdelight:hanging_canvas_sign":2,"cfm:black_grill":2,"farmersdelight:stove":2,"farmersdelight:birch_cabinet":2,"minecraft:rotten_flesh":1,"alexscaves:spawn_egg_magnetron":1,"farmersdelight:steak_and_potatoes":1,"alexscaves:spawn_egg_teletor":1,"farmersdelight:roast_chicken":2,"born_in_chaos_v1:corpse_maggot":4,"irons_spellbooks:cryomancer_spawn_egg":1,"wom:agony":6,"farmersdelight:acacia_cabinet":1,"born_in_chaos_v1:smoked_flesh":13,"alexsmobs:spawn_egg_platypus":2,"alexsmobs:lobster_tail":2,"minecraft:spruce_wood":1,"minecraft:grass_block":155,"farmersdelight:rice_roll_medley_block":5,"minecraft:bow":1,"cataclysm:modern_remnant_spawn_egg":1,"minecraft:dark_oak_slab":3,"farmersdelight:beetroot_crate":2,"born_in_chaos_v1:gnawed_bones":26,"farmersdelight:bacon_sandwich":1,"wom:netherite_staff":29,"iceandfire:copper_pickaxe":1,"born_in_chaos_v1:nightmare_stalker_skull":3,"farmersdelight:cutting_board":6,"minecraft:cooked_cod":11,"minecraft:furnace":8,"farmersdelight:safety_net":9,"minecraft:skeleton_skull":10,"minecraft:potato":2,"farmersdelight:hamburger":1,"farmersdelight:salmon_roll":1,"alexsmobs:raw_catfish":1,"minecraft:dark_oak_stairs":2,"epicfight:skillbook":5,"alexscaves:tremorsaurus_egg":1,"minecraft:acacia_trapdoor":3,"minecraft:stone_pickaxe":132,"minecraft:oak_planks":3,"born_in_chaos_v1:hound_trap":3,"minecraft:golden_apple":2,"minecraft:white_wool":6,"farmersdelight:tatami":2,"farmersdelight:stuffed_pumpkin":1,"minecraft:black_bed":1,"cfm:oak_chair":1,"alexsmobs:rocky_chestplate":1,"minecraft:black_concrete":24,"iceandfire:armor_copper_metal_chestplate":2,"minecraft:bread":15,"minecraft:gravel":36,"alexsmobs:spawn_egg_caiman":1,"minecraft:diamond_sword":3,"minecraft:wooden_sword":3,"farmersdelight:straw_bale":3,"cfm:dark_oak_chair":8,"minecraft:golden_pickaxe":32,"minecraft:cobweb":27,"iceandfire:troll_skull":2,"farmersdelight:kelp_roll_slice":4,"minecraft:trident":1,"minecraft:stone_sword":54,"minecraft:flint_and_steel":3,"cfm:stripped_dark_oak_blinds":17,"minecraft:stone_shovel":3,"farmersdelight:half_tatami_mat":2,"minecraft:spruce_planks":1,"alexscaves:spawn_egg_subterranodon":1,"minecraft:stripped_birch_wood":154,"born_in_chaos_v1:fried_maggot":18,"minecraft:cooked_chicken":1,"minecraft:torch":1,"farmersdelight:dumplings":2,"minecraft:dirt":3,"minecraft:anvil":1,"cataclysm:amethyst_crab_spawn_egg":1,"iceandfire:copper_sword":14,"farmersdelight:carrot_crate":1,"minecraft:mud_brick_stairs":2,"alexsmobs:spawn_egg_terrapin":5,"minecraft:brown_terracotta":72,"born_in_chaos_v1:supreme_measure":21,"minecraft:dark_oak_planks":1,"cfm:oak_table":15,"wom:ender_blaster":1,"farmersdelight:oak_cabinet":3,"cfm:black_sofa":21,"born_in_chaos_v1:fallen_chaos_knight_spawn_egg":1,"iceandfire:dragon_bone_wall":19,"minecraft:iron_axe":172,"alexsmobs:spawn_egg_grizzly_bear":1,"minecraft:jungle_log":30,"born_in_chaos_v1:bundle_of_bones":10,"minecraft:iron_boots":1,"minecraft:mud_bricks":1,"farmersdelight:canvas_rug":2,"farmersdelight:basket":1,"minecraft:golden_carrot":1,"cfm:dark_oak_table":5,"iceandfire:armor_copper_metal_helmet":1,"farmersdelight:cooking_pot":2,"alexsmobs:novelty_hat":1,"minecraft:water_bucket":2,"minecraft:cooked_beef":8,"minecraft:acacia_planks":21,"minecraft:acacia_boat":1,"farmersdelight:potato_crate":6,"minecraft:calcite":2,"minecraft:cooked_mutton":1,"farmersdelight:cooked_rice":3,"farmersdelight:mutton_wrap":1,"alexsmobs:cooked_catfish":1,"farmersdelight:skillet":5,"minecraft:glass_bottle":1,"alexscaves:pewen_hanging_sign":1,"minecraft:baked_potato":4,"minecraft:mud_brick_slab":1,"alexsmobs:spawn_egg_tiger":1,"iceandfire:dragon_skull_lightning":1,"farmersdelight:barbecue_stick":1,"minecraft:jungle_wood":2,"minecraft:mossy_cobblestone":2,"minecraft:lime_terracotta":2,"minecraft:crafting_table":10,"alexsmobs:spawn_egg_crocodile":1,"minecraft:white_bed":1,"born_in_chaos_v1:lord_pumpkinhead_spawn_egg":1,"born_in_chaos_v1:decrepit_skeleton_spawn_egg":1,"minecraft:deepslate_tile_wall":75,"farmersdelight:bacon_and_eggs":1,"alexsmobs:flying_fish":6,"minecraft:mud":5,"minecraft:black_wool":25,"minecraft:stripped_jungle_log":19,"farmersdelight:stuffed_potato":1,"minecraft:iron_pickaxe":37,"minecraft:suspicious_stew":1,"farmersdelight:pink_canvas_sign":1,"alexscaves:spawn_egg_boundroid":1,"minecraft:stone_axe":199,"minecraft:cobblestone":30,"minecraft:bucket":3,"alexsmobs:animal_dictionary":11,"minecraft:dandelion":1,"irons_spellbooks:inscription_table":1}},"DataVersion":3465}