{"stats":{"minecraft:killed":{"minecraft:cave_spider":7,"born_in_chaos_v1:door_knight_not_despawn":1,"minecraft:spider":9,"born_in_chaos_v1:siamese_skeletonsright":2,"born_in_chaos_v1:baby_skeleton_minion":7,"minecraft:skeleton":7,"minecraft:chicken":1,"born_in_chaos_v1:supreme_bonescaller_stage_2":1,"born_in_chaos_v1:bonescaller":2,"born_in_chaos_v1:diamond_termite":1,"born_in_chaos_v1:glutton_fish":1,"minecraft:creeper":3,"rats:rat":1,"minecraft:zombie":12,"minecraft:stray":3,"iceandfire:pixie":7,"born_in_chaos_v1:siamese_skeletonsleft":2,"irons_spellbooks:summoned_zombie":2,"born_in_chaos_v1:thornshell_crab":1,"born_in_chaos_v1:zombie_bruiser":1,"born_in_chaos_v1:maggot":7,"minecraft:drowned":1,"cataclysm:lionfish":1,"born_in_chaos_v1:corpse_fish":4,"born_in_chaos_v1:spiritof_chaos":1,"minecraft:husk":7,"born_in_chaos_v1:bone_imp_minion":7,"iceandfire:cyclops":1,"born_in_chaos_v1:decrepit_skeleton":1,"born_in_chaos_v1:bloody_gadfly":1,"born_in_chaos_v1:dark_vortex":1,"born_in_chaos_v1:controlled_baby_skeleton":2},"minecraft:killed_by":{"minecraft:player":1},"minecraft:mined":{"minecraft:dark_oak_planks":2,"minecraft:large_amethyst_bud":2,"minecraft:spruce_planks":15,"irons_spellbooks:armor_pile":1,"epicpaladins:cryorium_ore":11,"minecraft:brewing_stand":1,"minecraft:carved_pumpkin":1,"minecraft:granite":7,"minecraft:budding_amethyst":3,"minecraft:grass_block":4,"minecraft:deepslate_bricks":1,"minecraft:spawner":9,"farmersdelight:wild_rice":4,"minecraft:iron_ore":73,"minecraft:barrel":7,"minecraft:moss_carpet":4,"minecraft:dead_tube_coral":1,"minecraft:small_amethyst_bud":2,"minecraft:iron_block":1,"minecraft:deepslate_redstone_ore":4,"minecraft:blackstone":1,"minecraft:medium_amethyst_bud":1,"minecraft:amethyst_cluster":2,"irons_spellbooks:arcane_debris":1,"minecraft:blast_furnace":1,"minecraft:calcite":13,"minecraft:chest":4,"minecraft:cobblestone":30,"minecraft:amethyst_block":13,"minecraft:birch_log":4,"epicpaladins:deepslate_cryorium_ore":5,"minecraft:birch_door":2,"minecraft:stone_brick_stairs":9,"minecraft:grass":1,"minecraft:oak_log":5,"minecraft:sand":3,"minecraft:dirt":8,"minecraft:smooth_basalt":11,"minecraft:netherrack":8,"minecraft:oak_leaves":18,"epicpaladins:arclight_ore":9,"minecraft:deepslate":29,"minecraft:red_carpet":1,"minecraft:tuff":15,"iceandfire:silver_ore":2,"minecraft:dark_oak_leaves":1,"minecraft:deepslate_diamond_ore":3,"minecraft:candle":1,"minecraft:dark_oak_log":2,"born_in_chaos_v1:infected_diamond_ore":4,"minecraft:black_banner":1,"born_in_chaos_v1:black_argillite_brick_wall":1,"born_in_chaos_v1:black_argillite":19,"minecraft:weeping_vines":1,"minecraft:moss_block":3,"epicpaladins:deepslate_arclight_ore":7,"minecraft:hay_block":22,"minecraft:black_stained_glass_pane":2,"minecraft:andesite":30,"minecraft:stripped_spruce_log":10,"minecraft:gold_block":1,"minecraft:deepslate_iron_ore":20,"minecraft:stone":161,"minecraft:bone_block":10,"epicpaladins:deepslate_bloodstone_ore":6,"minecraft:basalt":1,"minecraft:stone_brick_slab":4,"minecraft:blackstone_slab":1,"minecraft:rose_bush":1,"minecraft:lectern":1,"minecraft:lapis_ore":3,"minecraft:deepslate_gold_ore":12,"minecraft:diorite":6,"minecraft:spruce_stairs":3,"epicpaladins:bloodstone_ore":6,"minecraft:stripped_spruce_wood":4,"minecraft:beehive":8,"minecraft:black_wall_banner":1,"minecraft:birch_leaves":1,"minecraft:coal_ore":62,"minecraft:gravel":3,"minecraft:cracked_stone_bricks":8,"minecraft:polished_andesite":2,"minecraft:stone_bricks":24,"paraglider:goddess_statue":3},"minecraft:broken":{"minecraft:iron_boots":1,"minecraft:iron_chestplate":1,"minecraft:iron_leggings":1,"minecraft:stone_axe":2,"minecraft:iron_helmet":1,"epicfight:stray_robe":1},"minecraft:crafted":{"minecraft:oak_planks":20,"irons_spellbooks:iron_spell_book":1,"epicpaladins:bloodstone_axe":1,"minecraft:iron_boots":2,"minecraft:bow":1,"explorerscompass:explorerscompass":2,"minecraft:birch_door":3,"minecraft:stone_bricks":4,"minecraft:spruce_planks":16,"minecraft:wooden_pickaxe":2,"minecraft:iron_helmet":2,"epicfight:iron_longsword":1,"minecraft:birch_planks":32,"epicpaladins:cryorium_sword":1,"born_in_chaos_v1:staffofthe_summoner":1,"minecraft:iron_chestplate":2,"minecraft:shield":1,"minecraft:stick":36,"minecraft:iron_pickaxe":1,"minecraft:compass":2,"minecraft:iron_ingot":9,"minecraft:oak_door":3,"born_in_chaos_v1:pieceofdarkmetal":9,"born_in_chaos_v1:bone_handle":1,"minecraft:stone_pickaxe":2,"epicpaladins:cryorium_pickaxe":2,"minecraft:iron_sword":1,"epicfight:iron_dagger":2,"epicpaladins:cryorium_axe":1,"minecraft:bucket":2,"minecraft:stone_axe":2,"minecraft:bread":2,"epicpaladins:bloodstone_pickaxe":1,"minecraft:iron_leggings":2},"minecraft:dropped":{"iceandfire:raw_silver":2,"farmersdelight:chicken_cuts":1024,"epicpaladins:cryorium_pickaxe":1,"born_in_chaos_v1:pieceofdarkmetal":25,"farmersdelight:rice":4,"born_in_chaos_v1:monster_flesh":6,"alexsmobs:flying_fish":1,"minecraft:cooked_cod":4,"sophisticatedbackpacks:netherite_backpack":5,"irons_spellbooks:arcane_essence":34,"born_in_chaos_v1:black_argillite_brick_wall":1,"minecraft:sand":10,"sophisticatedbackpacks:stack_upgrade_tier_4":3,"minecraft:iron_pickaxe":1,"epicpaladins:bloodstone_axe":1,"minecraft:dark_oak_planks":2,"minecraft:birch_log":3,"minecraft:white_wool":13,"minecraft:gravel":3,"alexsmobs:centipede_leg":1,"minecraft:stone_axe":1,"alexsmobs:animal_dictionary":1,"born_in_chaos_v1:ethereal_spirit":5,"minecraft:rotten_flesh":10,"minecraft:cooked_mutton":4,"born_in_chaos_v1:dark_upgrade":1,"sophisticatedbackpacks:smelting_upgrade":5,"epicpaladins:cryorium_sword":1,"born_in_chaos_v1:seedof_chaos":10,"minecraft:gunpowder":1,"born_in_chaos_v1:corpse_maggot":9,"born_in_chaos_v1:diamond_termite_shard":3,"irons_spellbooks:arcane_debris":2,"minecraft:crying_obsidian":5,"born_in_chaos_v1:dark_rod":4,"minecraft:enchanted_book":2,"minecraft:iron_ingot":2,"minecraft:bread":3,"born_in_chaos_v1:shattered_skull":3,"minecraft:iron_helmet":2,"minecraft:apple":4,"minecraft:polished_blackstone_button":1,"minecraft:coal":8,"minecraft:stick":2,"epicfight:iron_longsword":1,"born_in_chaos_v1:gnawed_bones":1,"epicpaladins:cryorium_gem":5,"born_in_chaos_v1:fused_bone":3,"minecraft:iron_leggings":1,"irons_spellbooks:common_ink":7,"sophisticatedbackpacks:crafting_upgrade":4,"irons_spellbooks:frozen_bone":83,"epicpaladins:arclight_gem":14,"minecraft:moss_carpet":3,"minecraft:player_head":1,"irons_spellbooks:uncommon_ink":1,"epicpaladins:bloodstone_gem":6,"minecraft:iron_boots":1,"born_in_chaos_v1:spiritual_dust":13,"minecraft:bundle":1,"minecraft:iron_chestplate":1,"explorerscompass:explorerscompass":1,"minecraft:stone_pickaxe":1,"minecraft:wooden_pickaxe":4,"waystones:waystone":1,"epicfight:skillbook":1},"minecraft:picked_up":{"irons_spellbooks:scroll":5,"minecraft:birch_door":2,"minecraft:yellow_wool":1,"irons_spellbooks:affinity_ring":1,"born_in_chaos_v1:black_argillite_brick_wall":1,"minecraft:enchanted_book":3,"minecraft:golden_shovel":1,"minecraft:stone_brick_stairs":9,"born_in_chaos_v1:bloody_gadfly_eye":2,"minecraft:brewing_stand":2,"minecraft:amethyst_block":13,"born_in_chaos_v1:black_argillite":19,"paraglider:goddess_statue":3,"minecraft:string":39,"minecraft:cooked_salmon":1,"born_in_chaos_v1:dark_upgrade":1,"epicpaladins:bloodstone_gem":12,"irons_spellbooks:arcane_essence":31,"minecraft:gold_nugget":11,"minecraft:cobbled_deepslate":32,"minecraft:bucket":1,"minecraft:spruce_planks":15,"minecraft:rose_bush":1,"minecraft:calcite":14,"minecraft:iron_pickaxe":1,"sophisticatedbackpacks:netherite_backpack":2,"minecraft:mangrove_log":2,"iceandfire:pixie_dust":7,"minecraft:tipped_arrow":9,"minecraft:beehive":8,"minecraft:stick":2,"born_in_chaos_v1:shattered_skull":2,"epicpaladins:arclight_gem":14,"rats:rat_skull":1,"minecraft:spruce_stairs":2,"epicfight:skillbook":4,"tombstone:grave_dust":16,"minecraft:diorite":6,"alexsmobs:centipede_leg":1,"minecraft:honey_bottle":1,"minecraft:rotten_flesh":64,"epicpaladins:cryorium_gem":16,"born_in_chaos_v1:sea_terror_eye":2,"minecraft:iron_block":1,"minecraft:carved_pumpkin":1,"tombstone:scroll_of_aquatic_life":1,"irons_spellbooks:arcane_debris":2,"minecraft:blaze_rod":8,"epicfight:stray_robe":1,"minecraft:obsidian":2,"minecraft:blaze_powder":2,"alexsmobs:flying_fish":1,"minecraft:cobblestone":200,"minecraft:birch_log":11,"minecraft:feather":5,"farmersdelight:rice":8,"born_in_chaos_v1:spiritual_dust":13,"minecraft:andesite":33,"paraglider:spirit_orb":18,"minecraft:tuff":15,"minecraft:stripped_spruce_wood":4,"rats:raw_rat":5,"minecraft:lapis_lazuli":20,"irons_spellbooks:concentration_amulet":1,"minecraft:dirt":28,"born_in_chaos_v1:monster_skin":2,"minecraft:bone":26,"minecraft:bow":2,"minecraft:raw_gold":12,"minecraft:moss_block":1,"minecraft:ghast_tear":1,"irons_spellbooks:frozen_bone":19,"irons_spellbooks:frostward_ring":1,"minecraft:poisonous_potato":2,"minecraft:sand":20,"minecraft:stripped_spruce_log":9,"minecraft:dark_oak_log":2,"minecraft:barrel":7,"cataclysm:lionfish":1,"minecraft:bundle":2,"minecraft:polished_andesite":1,"minecraft:diamond":5,"waystones:waystone":2,"minecraft:polished_blackstone_button":2,"epicfight:iron_dagger":1,"minecraft:granite":8,"minecraft:bone_meal":2,"minecraft:emerald":1,"minecraft:oak_sapling":1,"born_in_chaos_v1:rotten_fish":10,"irons_spellbooks:uncommon_ink":4,"minecraft:netherrack":9,"born_in_chaos_v1:sea_terror_stomach":1,"iceandfire:raw_silver":2,"minecraft:fishing_rod":1,"minecraft:charcoal":8,"born_in_chaos_v1:diamond_termite_shard":3,"minecraft:chicken":1,"born_in_chaos_v1:seedof_chaos":8,"minecraft:wooden_pickaxe":2,"minecraft:gold_block":1,"minecraft:chain":1,"minecraft:shield":1,"minecraft:moss_carpet":9,"minecraft:netherite_scrap":1,"minecraft:blackstone":1,"minecraft:cracked_stone_bricks":8,"minecraft:candle":12,"minecraft:player_head":1,"born_in_chaos_v1:gnawed_bones":1,"minecraft:cyan_wool":1,"minecraft:iron_nugget":25,"minecraft:lectern":1,"minecraft:chest":4,"minecraft:egg":1,"minecraft:raw_iron":92,"minecraft:sandstone":6,"minecraft:oak_door":1,"sophisticatedbackpacks:crafting_upgrade":1,"born_in_chaos_v1:pieceofdarkmetal":1,"minecraft:redstone":18,"minecraft:dark_oak_planks":4,"minecraft:arrow":23,"minecraft:deepslate_bricks":1,"minecraft:hay_block":22,"born_in_chaos_v1:spiny_shell":3,"minecraft:black_banner":2,"tombstone:essence_of_undeath":1,"minecraft:gold_ingot":6,"minecraft:bone_block":10,"born_in_chaos_v1:fused_bone":3,"born_in_chaos_v1:corpse_maggot":13,"minecraft:basalt":1,"born_in_chaos_v1:monster_flesh":1,"minecraft:leather":5,"minecraft:blackstone_slab":1,"minecraft:filled_map":2,"minecraft:oak_log":5,"minecraft:lily_pad":2,"minecraft:gunpowder":18,"minecraft:paper":22,"tombstone:gift":1,"irons_spellbooks:rare_ink":1,"irons_spellbooks:common_ink":7,"minecraft:red_carpet":1,"minecraft:coast_armor_trim_smithing_template":2,"minecraft:apple":3,"minecraft:stone_bricks":24,"minecraft:iron_ingot":68,"minecraft:cobweb":6,"minecraft:glass_bottle":1,"sophisticatedbackpacks:smelting_upgrade":2,"minecraft:book":1,"minecraft:smooth_basalt":11,"minecraft:pumpkin":4,"minecraft:stone_brick_slab":4,"born_in_chaos_v1:orbofthe_summoner":1,"born_in_chaos_v1:ethereal_spirit":7,"minecraft:gravel":6,"born_in_chaos_v1:dark_rod":2,"minecraft:amethyst_shard":6,"minecraft:blast_furnace":1,"minecraft:crying_obsidian":9,"minecraft:spider_eye":12,"minecraft:slime_ball":2,"minecraft:stone_axe":1,"minecraft:iron_helmet":1,"tombstone:magic_scroll":1,"minecraft:coal":59,"minecraft:ender_pearl":3},"minecraft:used":{"epicpaladins:bloodstone_pickaxe":473,"minecraft:shield":42,"paraglider:goddess_statue":1,"minecraft:tuff":11,"minecraft:mangrove_log":1,"epicfight:iron_dagger":352,"minecraft:iron_helmet":1,"minecraft:stone_bricks":8,"minecraft:bow":22,"rats:cooked_rat":1,"minecraft:cooked_cod":60,"minecraft:egg":1,"minecraft:potato":2,"epicfight:skillbook":3,"minecraft:diorite":6,"minecraft:stone_pickaxe":127,"minecraft:wooden_pickaxe":23,"minecraft:sandstone":6,"epicpaladins:cryorium_axe":66,"minecraft:sand":6,"minecraft:black_banner":1,"minecraft:bread":72,"minecraft:andesite":12,"minecraft:rose_bush":1,"born_in_chaos_v1:black_argillite":19,"minecraft:cooked_salmon":1,"minecraft:cooked_chicken":1,"minecraft:oak_door":3,"minecraft:dirt":10,"minecraft:birch_door":2,"minecraft:smooth_basalt":8,"minecraft:basalt":1,"tombstone:gift":7,"minecraft:cobbled_deepslate":5,"minecraft:iron_leggings":1,"minecraft:calcite":5,"minecraft:cooked_mutton":9,"minecraft:water_bucket":5,"minecraft:amethyst_block":7,"minecraft:cracked_stone_bricks":2,"tombstone:tablet_of_assistance":4,"minecraft:iron_pickaxe":66,"born_in_chaos_v1:staffofthe_summoner":53,"tombstone:magic_scroll":1,"minecraft:stone_axe":90,"minecraft:fishing_rod":1,"minecraft:cobblestone":141,"minecraft:cooked_porkchop":65,"minecraft:bucket":5},"minecraft:custom":{"minecraft:open_barrel":22,"minecraft:leave_game":1,"minecraft:time_since_death":19602,"minecraft:sprint_one_cm":1065696,"minecraft:damage_blocked_by_shield":510,"minecraft:drop":111,"minecraft:play_time":229750,"minecraft:deaths":3,"minecraft:jump":4297,"minecraft:interact_with_brewingstand":4,"minecraft:walk_on_water_one_cm":130904,"minecraft:waystone_activated":4,"minecraft:damage_dealt":17788,"minecraft:player_kills":1,"minecraft:crouch_one_cm":24128,"tombstone:undead_killed":58,"minecraft:mob_kills":113,"minecraft:damage_dealt_resisted":1891,"minecraft:climb_one_cm":9385,"minecraft:walk_one_cm":921632,"minecraft:damage_dealt_absorbed":1162,"minecraft:sneak_time":3777,"minecraft:walk_under_water_one_cm":59307,"minecraft:interact_with_lectern":1,"minecraft:total_world_time":229750,"minecraft:time_since_rest":18873,"minecraft:damage_taken":14527,"minecraft:swim_one_cm":325912,"minecraft:fly_one_cm":1148418,"minecraft:open_chest":32,"minecraft:fall_one_cm":87982}},"DataVersion":3465}