{"stats":{"minecraft:used":{"minecraft:stone_sword":5,"minecraft:stone_shovel":11,"minecraft:spruce_planks":4,"minecraft:shield":1,"minecraft:cooked_chicken":3,"minecraft:dirt":13,"minecraft:mutton":9,"minecraft:carrot":4,"minecraft:spruce_boat":14,"minecraft:red_shulker_box":1,"minecraft:wooden_axe":1,"minecraft:bedrock":31,"minecraft:beef":3,"minecraft:sweet_berries":25,"minecraft:furnace":4,"minecraft:egg":1,"minecraft:diorite":33,"minecraft:leather_leggings":1,"minecraft:stone_pickaxe":448,"minecraft:oak_planks":12,"minecraft:leather_chestplate":1,"minecraft:birch_boat":1,"minecraft:wooden_pickaxe":74,"minecraft:leather_boots":1,"minecraft:white_wool":2,"minecraft:crafting_table":15,"minecraft:spruce_log":2,"minecraft:leather_helmet":1,"minecraft:gravel":5,"minecraft:stone_axe":125,"minecraft:fire_charge":1,"minecraft:cobblestone":22,"minecraft:andesite":5,"minecraft:oak_boat":4,"minecraft:golden_pickaxe":32},"minecraft:killed":{"minecraft:skeleton":1,"minecraft:chicken":8,"minecraft:pig":6,"minecraft:creeper":1,"minecraft:sheep":11,"minecraft:zombie":1,"minecraft:player":2,"minecraft:cow":2},"minecraft:mined":{"minecraft:granite":1,"minecraft:grass_block":8,"minecraft:jungle_log":1,"minecraft:spruce_leaves":20,"minecraft:large_fern":9,"minecraft:furnace":1,"minecraft:iron_ore":2,"minecraft:cobbled_deepslate":2,"minecraft:fire":1,"minecraft:andesite":13,"minecraft:dirt_path":1,"minecraft:stone":408,"minecraft:short_grass":6,"minecraft:poppy":1,"minecraft:cobblestone":8,"minecraft:diorite":35,"minecraft:birch_log":7,"minecraft:wheat":3,"minecraft:sweet_berry_bush":35,"minecraft:spruce_log":70,"minecraft:birch_leaves":1,"minecraft:oak_log":19,"minecraft:coal_ore":33,"minecraft:gravel":6,"minecraft:dirt":32,"minecraft:oak_leaves":4,"minecraft:deepslate":22,"minecraft:fern":4},"minecraft:custom":{"minecraft:mob_kills":30,"minecraft:interact_with_crafting_table":30,"minecraft:open_shulker_box":10,"minecraft:leave_game":1,"minecraft:time_since_death":1298,"minecraft:climb_one_cm":562,"minecraft:sprint_one_cm":421982,"minecraft:walk_one_cm":155253,"minecraft:damage_blocked_by_shield":90,"minecraft:drop":25,"minecraft:play_time":160903,"minecraft:deaths":34,"minecraft:sneak_time":13990,"minecraft:walk_under_water_one_cm":36353,"minecraft:boat_one_cm":473709,"minecraft:jump":2827,"minecraft:walk_on_water_one_cm":38817,"minecraft:total_world_time":160903,"minecraft:interact_with_furnace":8,"minecraft:time_since_rest":1322,"minecraft:damage_taken":11775,"minecraft:damage_dealt":3628,"minecraft:swim_one_cm":280720,"minecraft:fly_one_cm":571195,"minecraft:player_kills":2,"minecraft:open_chest":10,"minecraft:crouch_one_cm":19106,"minecraft:fall_one_cm":66067},"minecraft:killed_by":{"minecraft:player":28,"minecraft:creeper":1,"minecraft:enderman":1,"minecraft:drowned":1,"minecraft:skeleton":1},"minecraft:picked_up":{"minecraft:wooden_axe":2,"minecraft:crafting_table":3,"minecraft:wheat":5,"minecraft:chicken":9,"minecraft:wooden_pickaxe":3,"minecraft:shield":2,"minecraft:string":4,"minecraft:iron_axe":1,"minecraft:wooden_sword":1,"minecraft:flint_and_steel":2,"minecraft:cobbled_deepslate":52,"minecraft:spruce_planks":32,"minecraft:beef":5,"minecraft:oak_boat":5,"minecraft:poppy":1,"minecraft:iron_pickaxe":1,"minecraft:light_gray_wool":2,"minecraft:egg":2,"minecraft:furnace":5,"minecraft:stick":26,"minecraft:raw_iron":4,"minecraft:oak_door":3,"minecraft:porkchop":11,"minecraft:diorite":61,"minecraft:rotten_flesh":35,"minecraft:red_shulker_box":1,"minecraft:stone_sword":3,"minecraft:arrow":5,"minecraft:stone_shovel":1,"minecraft:mutton":18,"minecraft:white_wool":9,"minecraft:cobblestone":835,"minecraft:birch_log":7,"minecraft:feather":34,"minecraft:andesite":36,"minecraft:jungle_log":2,"minecraft:leather":7,"minecraft:potato":1,"minecraft:birch_planks":33,"minecraft:flint":1,"minecraft:tuff":5,"minecraft:oak_log":19,"minecraft:lily_pad":1,"minecraft:gunpowder":1,"minecraft:dirt":106,"minecraft:bone":3,"minecraft:wheat_seeds":46,"minecraft:stone_pickaxe":3,"minecraft:iron_ingot":1,"minecraft:oak_planks":27,"minecraft:birch_boat":1,"minecraft:sweet_berries":155,"minecraft:gravel":5,"minecraft:spruce_sapling":32,"minecraft:spruce_log":72,"minecraft:spider_eye":9,"minecraft:purple_bed":1,"minecraft:stone_axe":5,"minecraft:spruce_boat":15,"minecraft:diamond_axe":1,"minecraft:granite":1,"minecraft:coal":76,"minecraft:diamond_pickaxe":1},"minecraft:broken":{"minecraft:stone_pickaxe":2,"minecraft:golden_pickaxe":1},"minecraft:crafted":{"minecraft:oak_planks":76,"minecraft:stone_shovel":1,"minecraft:cooked_chicken":3,"minecraft:furnace":2,"minecraft:stone_pickaxe":6,"minecraft:spruce_boat":4,"minecraft:crafting_table":16,"minecraft:spruce_planks":192,"minecraft:wooden_pickaxe":4,"minecraft:birch_planks":28,"minecraft:stone_axe":3,"minecraft:air":0,"minecraft:oak_boat":2,"minecraft:stick":36,"minecraft:wooden_axe":1},"minecraft:dropped":{"minecraft:birch_planks":28,"minecraft:wheat_seeds":14,"minecraft:cobblestone":102,"minecraft:coal":5,"minecraft:string":4,"minecraft:spruce_sapling":17,"minecraft:compass":1,"minecraft:rotten_flesh":17,"minecraft:oak_planks":15,"minecraft:carrot":3,"minecraft:flint_and_steel":1,"minecraft:poppy":1,"minecraft:spruce_boat":1,"minecraft:spider_eye":1,"minecraft:arrow":1}},"DataVersion":3700}