{"stats":{"minecraft:used":{"minecraft:diorite":33,"minecraft:stone_shovel":11,"minecraft:stone_pickaxe":340,"minecraft:oak_planks":4,"minecraft:wooden_pickaxe":45,"minecraft:cooked_chicken":3,"minecraft:white_wool":1,"minecraft:dirt":13,"minecraft:mutton":8,"minecraft:crafting_table":11,"minecraft:carrot":4,"minecraft:spruce_log":2,"minecraft:spruce_boat":11,"minecraft:gravel":5,"minecraft:stone_axe":75,"minecraft:bedrock":31,"minecraft:cobblestone":19,"minecraft:beef":3,"minecraft:sweet_berries":17,"minecraft:furnace":3,"minecraft:andesite":5,"minecraft:oak_boat":1,"minecraft:golden_pickaxe":32},"minecraft:killed":{"minecraft:pig":1,"minecraft:creeper":1,"minecraft:sheep":6,"minecraft:zombie":1,"minecraft:chicken":7,"minecraft:player":1,"minecraft:cow":2},"minecraft:mined":{"minecraft:short_grass":4,"minecraft:grass_block":7,"minecraft:cobblestone":4,"minecraft:spruce_leaves":12,"minecraft:diorite":35,"minecraft:large_fern":4,"minecraft:furnace":1,"minecraft:birch_log":7,"minecraft:iron_ore":2,"minecraft:wheat":3,"minecraft:sweet_berry_bush":14,"minecraft:spruce_log":42,"minecraft:andesite":5,"minecraft:coal_ore":32,"minecraft:oak_log":14,"minecraft:dirt_path":1,"minecraft:gravel":6,"minecraft:dirt":25,"minecraft:stone":309,"minecraft:oak_leaves":1,"minecraft:fern":2},"minecraft:custom":{"minecraft:interact_with_furnace":7,"minecraft:mob_kills":18,"minecraft:interact_with_crafting_table":21,"minecraft:time_since_death":29652,"minecraft:time_since_rest":29680,"minecraft:sprint_one_cm":212453,"minecraft:damage_taken":2790,"minecraft:walk_one_cm":87493,"minecraft:drop":4,"minecraft:damage_dealt":1686,"minecraft:swim_one_cm":70559,"minecraft:fly_one_cm":321506,"minecraft:player_kills":1,"minecraft:open_chest":8,"minecraft:crouch_one_cm":13482,"minecraft:play_time":83743,"minecraft:deaths":7,"minecraft:sneak_time":8922,"minecraft:walk_under_water_one_cm":7485,"minecraft:boat_one_cm":264747,"minecraft:jump":1525,"minecraft:walk_on_water_one_cm":9749,"minecraft:total_world_time":83743,"minecraft:fall_one_cm":40433},"minecraft:killed_by":{"minecraft:player":5,"minecraft:skeleton":1},"minecraft:picked_up":{"minecraft:birch_log":7,"minecraft:wheat":3,"minecraft:feather":13,"minecraft:chicken":7,"minecraft:andesite":5,"minecraft:leather":1,"minecraft:flint":1,"minecraft:oak_log":14,"minecraft:dirt":42,"minecraft:wooden_sword":1,"minecraft:bone":2,"minecraft:wheat_seeds":13,"minecraft:spruce_planks":5,"minecraft:beef":5,"minecraft:oak_boat":1,"minecraft:light_gray_wool":2,"minecraft:furnace":1,"minecraft:stick":4,"minecraft:raw_iron":4,"minecraft:sweet_berries":32,"minecraft:gravel":5,"minecraft:porkchop":2,"minecraft:diorite":35,"minecraft:spruce_log":43,"minecraft:arrow":2,"minecraft:rotten_flesh":1,"minecraft:spruce_boat":10,"minecraft:mutton":10,"minecraft:coal":35,"minecraft:white_wool":4,"minecraft:cobblestone":304},"minecraft:crafted":{"minecraft:oak_planks":56,"minecraft:stone_shovel":1,"minecraft:crafting_table":11,"minecraft:spruce_planks":84,"minecraft:wooden_pickaxe":3,"minecraft:cooked_chicken":3,"minecraft:furnace":2,"minecraft:birch_planks":28,"minecraft:stone_axe":2,"minecraft:air":0,"minecraft:oak_boat":1,"minecraft:stick":20,"minecraft:stone_pickaxe":4,"minecraft:spruce_boat":2},"minecraft:broken":{"minecraft:stone_pickaxe":2,"minecraft:golden_pickaxe":1},"minecraft:dropped":{"minecraft:wheat_seeds":12,"minecraft:carrot":3}},"DataVersion":3700}