{"stats":{"minecraft:used":{"minecraft:diorite":33,"minecraft:stone_sword":5,"minecraft:stone_shovel":11,"minecraft:stone_pickaxe":448,"minecraft:oak_planks":12,"minecraft:spruce_planks":4,"minecraft:birch_boat":1,"minecraft:wooden_pickaxe":74,"minecraft:cooked_chicken":3,"minecraft:white_wool":2,"minecraft:dirt":13,"minecraft:mutton":9,"minecraft:crafting_table":15,"minecraft:carrot":4,"minecraft:spruce_log":2,"minecraft:spruce_boat":14,"minecraft:red_shulker_box":1,"minecraft:wooden_axe":1,"minecraft:gravel":5,"minecraft:stone_axe":118,"minecraft:bedrock":31,"minecraft:fire_charge":1,"minecraft:cobblestone":22,"minecraft:beef":3,"minecraft:sweet_berries":25,"minecraft:furnace":4,"minecraft:andesite":5,"minecraft:oak_boat":1,"minecraft:golden_pickaxe":32},"minecraft:killed":{"minecraft:pig":6,"minecraft:creeper":1,"minecraft:skeleton":1,"minecraft:sheep":11,"minecraft:zombie":1,"minecraft:chicken":8,"minecraft:player":2,"minecraft:cow":2},"minecraft:mined":{"minecraft:granite":1,"minecraft:short_grass":5,"minecraft:grass_block":8,"minecraft:poppy":1,"minecraft:cobblestone":8,"minecraft:spruce_leaves":17,"minecraft:diorite":35,"minecraft:large_fern":9,"minecraft:furnace":1,"minecraft:fire":1,"minecraft:cobbled_deepslate":2,"minecraft:birch_log":7,"minecraft:iron_ore":2,"minecraft:wheat":3,"minecraft:sweet_berry_bush":32,"minecraft:spruce_log":66,"minecraft:birch_leaves":1,"minecraft:andesite":13,"minecraft:coal_ore":33,"minecraft:oak_log":16,"minecraft:dirt_path":1,"minecraft:gravel":6,"minecraft:dirt":32,"minecraft:stone":408,"minecraft:deepslate":22,"minecraft:oak_leaves":4,"minecraft:fern":4},"minecraft:custom":{"minecraft:interact_with_furnace":8,"minecraft:mob_kills":30,"minecraft:interact_with_crafting_table":28,"minecraft:open_shulker_box":10,"minecraft:time_since_death":417,"minecraft:time_since_rest":445,"minecraft:sprint_one_cm":366065,"minecraft:damage_taken":7715,"minecraft:walk_one_cm":133818,"minecraft:drop":22,"minecraft:damage_dealt":3346,"minecraft:swim_one_cm":184510,"minecraft:fly_one_cm":506035,"minecraft:player_kills":2,"minecraft:open_chest":10,"minecraft:crouch_one_cm":18433,"minecraft:play_time":137743,"minecraft:deaths":20,"minecraft:sneak_time":13324,"minecraft:walk_under_water_one_cm":17452,"minecraft:boat_one_cm":346985,"minecraft:jump":2545,"minecraft:walk_on_water_one_cm":24500,"minecraft:total_world_time":137743,"minecraft:fall_one_cm":61206},"minecraft:killed_by":{"minecraft:player":15,"minecraft:skeleton":1,"minecraft:creeper":1,"minecraft:enderman":1,"minecraft:drowned":1},"minecraft:picked_up":{"minecraft:wooden_axe":2,"minecraft:birch_log":7,"minecraft:crafting_table":3,"minecraft:wheat":5,"minecraft:feather":33,"minecraft:chicken":8,"minecraft:andesite":36,"minecraft:leather":7,"minecraft:wooden_pickaxe":3,"minecraft:potato":1,"minecraft:birch_planks":33,"minecraft:flint":1,"minecraft:tuff":5,"minecraft:oak_log":16,"minecraft:shield":2,"minecraft:gunpowder":1,"minecraft:string":4,"minecraft:dirt":106,"minecraft:iron_axe":1,"minecraft:wooden_sword":1,"minecraft:flint_and_steel":2,"minecraft:bone":3,"minecraft:wheat_seeds":46,"minecraft:cobbled_deepslate":52,"minecraft:iron_ingot":1,"minecraft:spruce_planks":32,"minecraft:stone_pickaxe":3,"minecraft:beef":5,"minecraft:oak_boat":3,"minecraft:poppy":1,"minecraft:iron_pickaxe":1,"minecraft:light_gray_wool":2,"minecraft:oak_planks":26,"minecraft:egg":1,"minecraft:furnace":5,"minecraft:stick":26,"minecraft:raw_iron":4,"minecraft:oak_door":3,"minecraft:birch_boat":1,"minecraft:sweet_berries":147,"minecraft:gravel":5,"minecraft:porkchop":11,"minecraft:spruce_sapling":31,"minecraft:diorite":61,"minecraft:spruce_log":68,"minecraft:spider_eye":9,"minecraft:red_shulker_box":1,"minecraft:stone_shovel":1,"minecraft:purple_bed":1,"minecraft:stone_sword":3,"minecraft:arrow":4,"minecraft:rotten_flesh":35,"minecraft:stone_axe":5,"minecraft:spruce_boat":15,"minecraft:diamond_axe":1,"minecraft:granite":1,"minecraft:mutton":18,"minecraft:coal":76,"minecraft:white_wool":9,"minecraft:cobblestone":835,"minecraft:diamond_pickaxe":1},"minecraft:crafted":{"minecraft:oak_planks":64,"minecraft:stone_shovel":1,"minecraft:crafting_table":16,"minecraft:spruce_planks":176,"minecraft:wooden_pickaxe":4,"minecraft:cooked_chicken":3,"minecraft:furnace":2,"minecraft:birch_planks":28,"minecraft:stone_axe":3,"minecraft:air":0,"minecraft:oak_boat":1,"minecraft:stick":36,"minecraft:stone_pickaxe":6,"minecraft:wooden_axe":1,"minecraft:spruce_boat":4},"minecraft:broken":{"minecraft:stone_pickaxe":2,"minecraft:golden_pickaxe":1},"minecraft:dropped":{"minecraft:compass":1,"minecraft:birch_planks":28,"minecraft:wheat_seeds":14,"minecraft:rotten_flesh":17,"minecraft:cobblestone":102,"minecraft:oak_planks":14,"minecraft:carrot":3,"minecraft:coal":5,"minecraft:flint_and_steel":1,"minecraft:poppy":1,"minecraft:spruce_boat":1,"minecraft:spider_eye":1,"minecraft:string":4,"minecraft:spruce_sapling":16}},"DataVersion":3700}