{"stats":{"minecraft:used":{"minecraft:diorite":12,"minecraft:stone_pickaxe":16,"minecraft:wooden_pickaxe":41,"minecraft:dirt":13,"minecraft:mutton":2,"minecraft:crafting_table":7,"minecraft:spruce_log":2,"minecraft:spruce_boat":6,"minecraft:stone_axe":40,"minecraft:bedrock":31,"minecraft:cobblestone":3,"minecraft:beef":1,"minecraft:sweet_berries":17,"minecraft:furnace":2,"minecraft:andesite":5,"minecraft:oak_boat":1},"minecraft:killed":{"minecraft:pig":1,"minecraft:sheep":3,"minecraft:chicken":3,"minecraft:player":1,"minecraft:cow":2},"minecraft:mined":{"minecraft:short_grass":1,"minecraft:grass_block":2,"minecraft:spruce_leaves":11,"minecraft:diorite":12,"minecraft:large_fern":4,"minecraft:furnace":1,"minecraft:iron_ore":2,"minecraft:wheat":3,"minecraft:sweet_berry_bush":14,"minecraft:spruce_log":39,"minecraft:andesite":5,"minecraft:coal_ore":5,"minecraft:oak_log":8,"minecraft:dirt":2,"minecraft:stone":24,"minecraft:oak_leaves":1,"minecraft:fern":2},"minecraft:custom":{"minecraft:interact_with_furnace":4,"minecraft:mob_kills":9,"minecraft:interact_with_crafting_table":16,"minecraft:time_since_death":5652,"minecraft:time_since_rest":5680,"minecraft:sprint_one_cm":151316,"minecraft:damage_taken":2488,"minecraft:walk_one_cm":61271,"minecraft:drop":3,"minecraft:damage_dealt":965,"minecraft:swim_one_cm":58451,"minecraft:fly_one_cm":273904,"minecraft:player_kills":1,"minecraft:open_chest":2,"minecraft:crouch_one_cm":1019,"minecraft:play_time":59743,"minecraft:deaths":7,"minecraft:sneak_time":1514,"minecraft:walk_under_water_one_cm":3822,"minecraft:boat_one_cm":191671,"minecraft:jump":1071,"minecraft:walk_on_water_one_cm":5485,"minecraft:total_world_time":59743,"minecraft:fall_one_cm":33617},"minecraft:killed_by":{"minecraft:player":5,"minecraft:skeleton":1},"minecraft:picked_up":{"minecraft:wheat":3,"minecraft:feather":5,"minecraft:chicken":3,"minecraft:andesite":5,"minecraft:leather":1,"minecraft:oak_log":8,"minecraft:dirt":14,"minecraft:wooden_sword":1,"minecraft:bone":2,"minecraft:wheat_seeds":12,"minecraft:spruce_planks":5,"minecraft:beef":5,"minecraft:oak_boat":1,"minecraft:furnace":1,"minecraft:stick":4,"minecraft:raw_iron":4,"minecraft:sweet_berries":32,"minecraft:porkchop":2,"minecraft:diorite":12,"minecraft:spruce_log":40,"minecraft:arrow":2,"minecraft:spruce_boat":4,"minecraft:mutton":4,"minecraft:coal":9,"minecraft:white_wool":3,"minecraft:cobblestone":25},"minecraft:crafted":{"minecraft:oak_planks":32,"minecraft:crafting_table":7,"minecraft:spruce_planks":72,"minecraft:wooden_pickaxe":3,"minecraft:furnace":1,"minecraft:stone_axe":1,"minecraft:oak_boat":1,"minecraft:stick":12,"minecraft:stone_pickaxe":2,"minecraft:spruce_boat":2},"minecraft:dropped":{"minecraft:wheat_seeds":12}},"DataVersion":3700}