{"stats":{"minecraft:used":{"minecraft:diorite":33,"minecraft:stone_shovel":11,"minecraft:stone_pickaxe":448,"minecraft:oak_planks":4,"minecraft:wooden_pickaxe":74,"minecraft:cooked_chicken":3,"minecraft:white_wool":1,"minecraft:dirt":13,"minecraft:mutton":8,"minecraft:crafting_table":14,"minecraft:carrot":4,"minecraft:spruce_log":2,"minecraft:spruce_boat":13,"minecraft:gravel":5,"minecraft:stone_axe":110,"minecraft:bedrock":31,"minecraft:fire_charge":1,"minecraft:cobblestone":22,"minecraft:beef":3,"minecraft:sweet_berries":17,"minecraft:furnace":3,"minecraft:andesite":5,"minecraft:oak_boat":1,"minecraft:golden_pickaxe":32},"minecraft:killed":{"minecraft:pig":4,"minecraft:creeper":1,"minecraft:sheep":10,"minecraft:zombie":1,"minecraft:chicken":8,"minecraft:player":1,"minecraft:cow":2},"minecraft:mined":{"minecraft:granite":1,"minecraft:short_grass":4,"minecraft:grass_block":7,"minecraft:cobblestone":8,"minecraft:spruce_leaves":13,"minecraft:diorite":35,"minecraft:large_fern":6,"minecraft:furnace":1,"minecraft:fire":1,"minecraft:cobbled_deepslate":2,"minecraft:birch_log":7,"minecraft:iron_ore":2,"minecraft:wheat":3,"minecraft:sweet_berry_bush":14,"minecraft:spruce_log":60,"minecraft:andesite":13,"minecraft:coal_ore":33,"minecraft:oak_log":14,"minecraft:dirt_path":1,"minecraft:gravel":6,"minecraft:dirt":32,"minecraft:stone":408,"minecraft:deepslate":22,"minecraft:oak_leaves":1,"minecraft:fern":3},"minecraft:custom":{"minecraft:interact_with_furnace":7,"minecraft:mob_kills":26,"minecraft:interact_with_crafting_table":25,"minecraft:time_since_death":5717,"minecraft:time_since_rest":5744,"minecraft:sprint_one_cm":244429,"minecraft:damage_taken":2958,"minecraft:walk_one_cm":98883,"minecraft:drop":13,"minecraft:damage_dealt":2346,"minecraft:swim_one_cm":70559,"minecraft:fly_one_cm":343648,"minecraft:player_kills":1,"minecraft:open_chest":8,"minecraft:crouch_one_cm":17983,"minecraft:play_time":95743,"minecraft:deaths":8,"minecraft:sneak_time":12517,"minecraft:walk_under_water_one_cm":7739,"minecraft:boat_one_cm":298042,"minecraft:jump":1663,"minecraft:walk_on_water_one_cm":11853,"minecraft:total_world_time":95743,"minecraft:fall_one_cm":45341},"minecraft:killed_by":{"minecraft:player":6,"minecraft:skeleton":1},"minecraft:picked_up":{"minecraft:birch_log":7,"minecraft:wheat":5,"minecraft:feather":14,"minecraft:chicken":8,"minecraft:andesite":36,"minecraft:leather":1,"minecraft:potato":1,"minecraft:flint":1,"minecraft:oak_log":14,"minecraft:dirt":49,"minecraft:wooden_sword":1,"minecraft:flint_and_steel":1,"minecraft:bone":2,"minecraft:wheat_seeds":42,"minecraft:cobbled_deepslate":24,"minecraft:spruce_planks":5,"minecraft:stone_pickaxe":1,"minecraft:beef":5,"minecraft:oak_boat":1,"minecraft:light_gray_wool":2,"minecraft:egg":1,"minecraft:furnace":1,"minecraft:stick":4,"minecraft:raw_iron":4,"minecraft:sweet_berries":32,"minecraft:gravel":5,"minecraft:porkchop":8,"minecraft:diorite":61,"minecraft:spruce_log":61,"minecraft:stone_sword":1,"minecraft:arrow":2,"minecraft:rotten_flesh":2,"minecraft:stone_axe":1,"minecraft:spruce_boat":12,"minecraft:granite":1,"minecraft:mutton":16,"minecraft:coal":36,"minecraft:white_wool":8,"minecraft:cobblestone":497},"minecraft:crafted":{"minecraft:oak_planks":56,"minecraft:stone_shovel":1,"minecraft:crafting_table":15,"minecraft:spruce_planks":156,"minecraft:wooden_pickaxe":4,"minecraft:cooked_chicken":3,"minecraft:furnace":2,"minecraft:birch_planks":28,"minecraft:stone_axe":3,"minecraft:air":0,"minecraft:oak_boat":1,"minecraft:stick":32,"minecraft:stone_pickaxe":6,"minecraft:spruce_boat":3},"minecraft:broken":{"minecraft:stone_pickaxe":2,"minecraft:golden_pickaxe":1},"minecraft:dropped":{"minecraft:birch_planks":28,"minecraft:wheat_seeds":12,"minecraft:rotten_flesh":1,"minecraft:cobblestone":102,"minecraft:oak_planks":14,"minecraft:carrot":3,"minecraft:coal":5,"minecraft:flint_and_steel":1,"minecraft:spruce_boat":1}},"DataVersion":3700}