{"stats":{"minecraft:used":{"minecraft:bedrock":31,"minecraft:dirt":11},"minecraft:killed":{"minecraft:player":1},"minecraft:mined":{"minecraft:spruce_leaves":2,"minecraft:spruce_log":2},"minecraft:custom":{"minecraft:time_since_rest":1389,"minecraft:crouch_one_cm":233,"minecraft:play_time":17908,"minecraft:sprint_one_cm":6357,"minecraft:walk_one_cm":18887,"minecraft:damage_taken":912,"minecraft:deaths":4,"minecraft:sneak_time":171,"minecraft:walk_under_water_one_cm":795,"minecraft:jump":142,"minecraft:damage_dealt":247,"minecraft:time_since_death":1360,"minecraft:walk_on_water_one_cm":201,"minecraft:total_world_time":17908,"minecraft:swim_one_cm":7947,"minecraft:player_kills":1,"minecraft:fall_one_cm":1744,"minecraft:fly_one_cm":17089},"minecraft:killed_by":{"minecraft:player":3},"minecraft:picked_up":{"minecraft:spruce_planks":1,"minecraft:spruce_log":3,"minecraft:dirt":12}},"DataVersion":3700}