{"stats":{"minecraft:killed":{"naturalist:elephant":1,"minecraft:zombie":2,"minecraft:pig":1,"minecraft:spider":1},"minecraft:used":{"minecraft:golden_boots":3,"minecraft:flint_and_steel":13,"minecraft:composter":1,"minecraft:dirt":49,"minecraft:golden_apple":1,"minecraft:sand":28,"minecraft:white_carpet":1,"minecraft:porkchop":1,"minecraft:acacia_planks":12},"minecraft:broken":{"minecraft:flint_and_steel":1},"minecraft:mined":{"minecraft:acacia_leaves":1,"minecraft:fire":11,"minecraft:white_carpet":1,"minecraft:grass":25,"minecraft:acacia_log":2,"minecraft:grass_block":2,"minecraft:sand":11,"minecraft:dirt":5,"minecraft:tall_grass":9,"minecraft:acacia_planks":8,"quark:crimson_chest":1,"minecraft:sugar_cane":4,"minecraft:composter":1},"minecraft:dropped":{"minecraft:golden_boots":1,"minecraft:porkchop":2,"minecraft:clock":2,"minecraft:rotten_flesh":6,"minecraft:sand":36,"quark:crimson_chest":3,"quark:music_disc_crickets":3,"minecraft:string":10,"minecraft:flint_and_steel":3,"minecraft:bone":1,"minecraft:flint":4},"minecraft:custom":{"minecraft:time_since_rest":11194,"minecraft:damage_taken":1572,"minecraft:sprint_one_cm":98741,"minecraft:walk_one_cm":130993,"minecraft:mob_kills":7,"minecraft:drop":22,"minecraft:damage_dealt":1767,"minecraft:swim_one_cm":59109,"minecraft:fly_one_cm":105427,"minecraft:player_kills":1,"minecraft:play_time":93055,"minecraft:open_chest":1,"minecraft:crouch_one_cm":2070,"minecraft:sneak_time":1094,"minecraft:deaths":6,"minecraft:walk_under_water_one_cm":6852,"minecraft:jump":771,"minecraft:leave_game":2,"minecraft:time_since_death":10507,"minecraft:walk_on_water_one_cm":15188,"minecraft:total_world_time":93055,"minecraft:fall_one_cm":15692},"minecraft:crafted":{"minecraft:acacia_planks":8},"minecraft:picked_up":{"quark:crimson_chest":6,"minecraft:clock":5,"minecraft:composter":1,"minecraft:leather":3,"minecraft:acacia_log":2,"minecraft:porkchop":3,"minecraft:sand":96,"minecraft:flint":12,"minecraft:golden_boots":3,"minecraft:spider_eye":1,"minecraft:dirt":75,"minecraft:string":15,"minecraft:flint_and_steel":7,"minecraft:white_carpet":1,"minecraft:bone":5,"minecraft:arrow":1,"minecraft:acacia_planks":12,"minecraft:rotten_flesh":24,"quark:music_disc_crickets":3,"minecraft:wheat_seeds":13,"minecraft:iron_nugget":24,"minecraft:sugar_cane":6},"minecraft:killed_by":{"minecraft:player":1,"minecraft:drowned":1,"minecraft:skeleton":1,"minecraft:creeper":1,"minecraft:spider":2}},"DataVersion":3465}