{"stats":{"minecraft:used":{"minecraft:moss_carpet":2,"minecraft:red_sand":1,"minecraft:white_terracotta":13,"minecraft:iron_sword":47,"minecraft:oak_door":1,"minecraft:torch":1,"minecraft:dirt":5,"minecraft:spyglass":9,"minecraft:carrot":2,"minecraft:tuff":18,"minecraft:granite":2,"quark:chute":2,"minecraft:bow":5,"minecraft:furnace":1,"minecraft:acacia_fence":1,"minecraft:cobbled_deepslate":120,"minecraft:diorite":6,"minecraft:leather_leggings":4,"minecraft:stone_pickaxe":392,"minecraft:oak_planks":24,"minecraft:wooden_pickaxe":52,"minecraft:leather_chestplate":3,"minecraft:sandstone":1,"naturalist:duck_egg":2,"minecraft:glow_berries":7,"minecraft:sand":8,"minecraft:rail":3,"minecraft:crafting_table":7,"minecraft:light_gray_terracotta":21,"quark:red_corundum_pane":5,"minecraft:white_bed":2,"minecraft:bread":35,"quark:pickarang":43,"minecraft:leather_helmet":2,"quark:jasper":1,"minecraft:gravel":2,"minecraft:stone_axe":46,"minecraft:cobblestone":63,"minecraft:andesite":9,"quark:white_corundum":1,"minecraft:experience_bottle":2},"minecraft:crafted":{"minecraft:oak_planks":36,"minecraft:furnace":1,"minecraft:stone_pickaxe":3,"quark:chute":1,"minecraft:wheat":126,"minecraft:crafting_table":3,"minecraft:wooden_pickaxe":1,"minecraft:iron_sword":1,"minecraft:bread":42,"minecraft:air":0,"minecraft:stick":16,"minecraft:iron_ingot":2,"minecraft:acacia_planks":20},"minecraft:picked_up":{"minecraft:wooden_axe":1,"minecraft:crafting_table":7,"quark:white_corundum_cluster":4,"minecraft:creeper_head":4,"minecraft:leather_leggings":7,"minecraft:wooden_pickaxe":12,"minecraft:string":13,"minecraft:raw_copper":32,"minecraft:moss_carpet":20,"minecraft:acacia_door":1,"quark:chute":4,"minecraft:red_sand":6,"minecraft:cobbled_deepslate":135,"minecraft:beef":28,"minecraft:iron_nugget":16,"minecraft:poppy":8,"minecraft:sugar_cane":17,"minecraft:stick":24,"minecraft:raw_iron":28,"minecraft:sandstone":35,"minecraft:acacia_fence":5,"minecraft:oak_door":1,"minecraft:torch":72,"minecraft:acacia_log":5,"minecraft:porkchop":7,"quark:seed_pouch":4,"minecraft:diorite":25,"minecraft:carrot":1,"minecraft:redstone":22,"quark:ancient_tome":4,"minecraft:rotten_flesh":57,"minecraft:arrow":6,"minecraft:hay_block":14,"minecraft:white_terracotta":24,"minecraft:glow_berries":5,"minecraft:cobblestone":445,"minecraft:rail":34,"minecraft:leather_chestplate":5,"minecraft:glow_ink_sac":89,"quark:white_corundum":5,"minecraft:andesite":15,"minecraft:leather":12,"quark:hollow_acacia_log":6,"minecraft:flint":4,"minecraft:tuff":21,"minecraft:oak_log":9,"quark:red_corundum_pane":54,"minecraft:dirt":61,"minecraft:name_tag":4,"minecraft:coast_armor_trim_smithing_template":4,"minecraft:bone":13,"minecraft:bow":5,"minecraft:wheat_seeds":47,"minecraft:stone_pickaxe":11,"minecraft:iron_ingot":3,"quark:pickarang":2,"minecraft:iron_sword":4,"minecraft:oak_planks":53,"quark:red_corundum_cluster":25,"minecraft:spyglass":3,"minecraft:gravel":2,"minecraft:sand":28,"minecraft:white_bed":4,"quark:red_corundum":14,"naturalist:duck_egg":2,"minecraft:leather_helmet":5,"quark:jasper":3,"minecraft:light_gray_terracotta":45,"minecraft:stone_axe":5,"minecraft:granite":3,"minecraft:emerald":16,"minecraft:bread":236,"minecraft:coal":176},"minecraft:killed_by":{"minecraft:player":1,"minecraft:iron_golem":1,"minecraft:skeleton":1,"minecraft:zombie":1,"naturalist:lion":1},"minecraft:custom":{"minecraft:mob_kills":31,"minecraft:interact_with_crafting_table":30,"minecraft:open_barrel":2,"minecraft:leave_game":4,"minecraft:time_since_death":23227,"minecraft:climb_one_cm":374,"minecraft:sprint_one_cm":372552,"minecraft:walk_one_cm":259087,"minecraft:drop":47,"minecraft:play_time":160743,"minecraft:deaths":8,"minecraft:sneak_time":6254,"minecraft:walk_under_water_one_cm":31834,"minecraft:jump":2415,"minecraft:walk_on_water_one_cm":33279,"minecraft:total_world_time":160743,"minecraft:interact_with_furnace":9,"minecraft:time_since_rest":23286,"minecraft:damage_taken":3600,"minecraft:damage_dealt":6169,"minecraft:swim_one_cm":137050,"minecraft:fly_one_cm":410946,"minecraft:open_chest":4,"minecraft:crouch_one_cm":14035,"minecraft:fall_one_cm":59023},"minecraft:mined":{"quark:red_corundum":13,"minecraft:tuff":18,"minecraft:white_bed":2,"minecraft:granite":1,"minecraft:acacia_log":5,"minecraft:grass_block":1,"quark:white_corundum":1,"quark:chute":2,"minecraft:sandstone":35,"quark:jasper":2,"minecraft:hay_block":14,"minecraft:iron_ore":13,"minecraft:cobbled_deepslate":10,"minecraft:andesite":7,"minecraft:moss_carpet":4,"minecraft:cave_vines":2,"minecraft:deepslate_iron_ore":6,"minecraft:vine":1,"minecraft:stone":108,"quark:red_corundum_cluster":4,"quark:hollow_acacia_log":6,"minecraft:deepslate_redstone_ore":1,"minecraft:orange_terracotta":2,"minecraft:crafting_table":5,"minecraft:torch":1,"minecraft:light_gray_terracotta":8,"minecraft:dead_bush":3,"minecraft:tall_grass":5,"minecraft:copper_ore":2,"minecraft:cobblestone":62,"minecraft:sugar_cane":4,"minecraft:oak_planks":6,"minecraft:diorite":8,"minecraft:seagrass":2,"minecraft:white_terracotta":4,"minecraft:wheat":1,"minecraft:grass":25,"minecraft:oak_log":9,"minecraft:coal_ore":7,"minecraft:gravel":3,"minecraft:sand":2,"minecraft:dirt":7,"minecraft:cobweb":11,"minecraft:brown_terracotta":5,"minecraft:deepslate":89},"minecraft:dropped":{"quark:pickarang":2,"minecraft:bread":131,"minecraft:wheat_seeds":3,"minecraft:glow_ink_sac":1,"minecraft:crafting_table":1,"minecraft:cobblestone":47,"quark:white_corundum":2,"minecraft:rail":2,"minecraft:leather_helmet":1,"minecraft:stick":1,"minecraft:diorite":13,"minecraft:torch":12,"minecraft:wooden_axe":1,"minecraft:string":12,"minecraft:acacia_planks":3,"minecraft:redstone":22,"minecraft:bone":10,"quark:seed_pouch":2,"minecraft:sugar_cane":2,"minecraft:tuff":3,"minecraft:rotten_flesh":1,"minecraft:poppy":6,"minecraft:leather_chestplate":1,"minecraft:wooden_pickaxe":3,"minecraft:red_sand":2,"minecraft:stone_pickaxe":3,"minecraft:acacia_fence":3},"minecraft:broken":{"minecraft:stone_pickaxe":3},"minecraft:killed":{"minecraft:cave_spider":1,"minecraft:spider":4,"naturalist:coral_snake":1,"minecraft:skeleton":5,"minecraft:tropical_fish":1,"minecraft:husk":1,"minecraft:zombie_villager":1,"minecraft:creeper":2,"minecraft:zombie":10,"minecraft:cow":4}},"DataVersion":3465}