{"stats":{"minecraft:used":{"minecraft:diorite":33,"minecraft:stone_sword":5,"minecraft:stone_shovel":11,"minecraft:stone_pickaxe":448,"minecraft:oak_planks":12,"minecraft:birch_boat":1,"minecraft:wooden_pickaxe":74,"minecraft:cooked_chicken":3,"minecraft:white_wool":2,"minecraft:dirt":13,"minecraft:mutton":9,"minecraft:crafting_table":15,"minecraft:carrot":4,"minecraft:spruce_log":2,"minecraft:spruce_boat":14,"minecraft:wooden_axe":1,"minecraft:gravel":5,"minecraft:stone_axe":118,"minecraft:bedrock":31,"minecraft:fire_charge":1,"minecraft:cobblestone":22,"minecraft:beef":3,"minecraft:sweet_berries":25,"minecraft:furnace":4,"minecraft:andesite":5,"minecraft:oak_boat":1,"minecraft:golden_pickaxe":32},"minecraft:killed":{"minecraft:pig":6,"minecraft:creeper":1,"minecraft:skeleton":1,"minecraft:sheep":11,"minecraft:zombie":1,"minecraft:chicken":8,"minecraft:player":1,"minecraft:cow":2},"minecraft:mined":{"minecraft:granite":1,"minecraft:short_grass":5,"minecraft:grass_block":8,"minecraft:poppy":1,"minecraft:cobblestone":8,"minecraft:spruce_leaves":17,"minecraft:diorite":35,"minecraft:large_fern":9,"minecraft:furnace":1,"minecraft:fire":1,"minecraft:cobbled_deepslate":2,"minecraft:birch_log":7,"minecraft:iron_ore":2,"minecraft:wheat":3,"minecraft:sweet_berry_bush":30,"minecraft:spruce_log":66,"minecraft:birch_leaves":1,"minecraft:andesite":13,"minecraft:coal_ore":33,"minecraft:oak_log":16,"minecraft:dirt_path":1,"minecraft:gravel":6,"minecraft:dirt":32,"minecraft:stone":408,"minecraft:deepslate":22,"minecraft:oak_leaves":4,"minecraft:fern":4},"minecraft:custom":{"minecraft:interact_with_furnace":7,"minecraft:mob_kills":30,"minecraft:interact_with_crafting_table":27,"minecraft:time_since_death":179,"minecraft:time_since_rest":207,"minecraft:sprint_one_cm":310344,"minecraft:damage_taken":5506,"minecraft:walk_one_cm":111519,"minecraft:drop":20,"minecraft:damage_dealt":3241,"minecraft:swim_one_cm":181125,"minecraft:fly_one_cm":444379,"minecraft:player_kills":1,"minecraft:open_chest":10,"minecraft:crouch_one_cm":18106,"minecraft:play_time":113743,"minecraft:deaths":15,"minecraft:sneak_time":12724,"minecraft:walk_under_water_one_cm":16002,"minecraft:boat_one_cm":345675,"minecraft:jump":2166,"minecraft:walk_on_water_one_cm":22107,"minecraft:total_world_time":113743,"minecraft:fall_one_cm":57084},"minecraft:killed_by":{"minecraft:player":12,"minecraft:skeleton":1,"minecraft:creeper":1},"minecraft:picked_up":{"minecraft:birch_log":7,"minecraft:crafting_table":1,"minecraft:wheat":5,"minecraft:feather":16,"minecraft:chicken":8,"minecraft:andesite":36,"minecraft:leather":4,"minecraft:potato":1,"minecraft:flint":1,"minecraft:oak_log":16,"minecraft:dirt":50,"minecraft:wooden_sword":1,"minecraft:flint_and_steel":1,"minecraft:bone":3,"minecraft:wheat_seeds":46,"minecraft:cobbled_deepslate":24,"minecraft:spruce_planks":5,"minecraft:stone_pickaxe":2,"minecraft:beef":5,"minecraft:oak_boat":1,"minecraft:poppy":1,"minecraft:light_gray_wool":2,"minecraft:oak_planks":4,"minecraft:egg":1,"minecraft:furnace":3,"minecraft:stick":22,"minecraft:raw_iron":4,"minecraft:birch_boat":1,"minecraft:sweet_berries":120,"minecraft:gravel":5,"minecraft:porkchop":11,"minecraft:spruce_sapling":25,"minecraft:diorite":61,"minecraft:spruce_log":67,"minecraft:spider_eye":2,"minecraft:stone_sword":3,"minecraft:arrow":2,"minecraft:rotten_flesh":8,"minecraft:stone_axe":1,"minecraft:spruce_boat":13,"minecraft:granite":1,"minecraft:mutton":18,"minecraft:coal":36,"minecraft:white_wool":9,"minecraft:cobblestone":497},"minecraft:crafted":{"minecraft:oak_planks":64,"minecraft:stone_shovel":1,"minecraft:crafting_table":16,"minecraft:spruce_planks":176,"minecraft:wooden_pickaxe":4,"minecraft:cooked_chicken":3,"minecraft:furnace":2,"minecraft:birch_planks":28,"minecraft:stone_axe":3,"minecraft:air":0,"minecraft:oak_boat":1,"minecraft:stick":36,"minecraft:stone_pickaxe":6,"minecraft:wooden_axe":1,"minecraft:spruce_boat":4},"minecraft:broken":{"minecraft:stone_pickaxe":2,"minecraft:golden_pickaxe":1},"minecraft:dropped":{"minecraft:compass":1,"minecraft:birch_planks":28,"minecraft:wheat_seeds":14,"minecraft:rotten_flesh":1,"minecraft:cobblestone":102,"minecraft:oak_planks":14,"minecraft:carrot":3,"minecraft:coal":5,"minecraft:flint_and_steel":1,"minecraft:poppy":1,"minecraft:spruce_boat":1,"minecraft:spider_eye":1,"minecraft:spruce_sapling":16}},"DataVersion":3700}