{"stats":{"minecraft:used":{"minecraft:diorite":12,"minecraft:stone_pickaxe":102,"minecraft:wooden_pickaxe":41,"minecraft:white_wool":1,"minecraft:dirt":13,"minecraft:mutton":4,"minecraft:crafting_table":8,"minecraft:carrot":4,"minecraft:spruce_log":2,"minecraft:spruce_boat":11,"minecraft:stone_axe":68,"minecraft:bedrock":31,"minecraft:cobblestone":3,"minecraft:beef":3,"minecraft:sweet_berries":17,"minecraft:furnace":2,"minecraft:andesite":5,"minecraft:oak_boat":1,"minecraft:golden_pickaxe":32},"minecraft:killed":{"minecraft:pig":1,"minecraft:sheep":6,"minecraft:chicken":7,"minecraft:player":1,"minecraft:cow":2},"minecraft:mined":{"minecraft:short_grass":4,"minecraft:grass_block":3,"minecraft:spruce_leaves":12,"minecraft:diorite":28,"minecraft:large_fern":4,"minecraft:furnace":1,"minecraft:birch_log":7,"minecraft:iron_ore":2,"minecraft:wheat":3,"minecraft:sweet_berry_bush":14,"minecraft:spruce_log":42,"minecraft:andesite":5,"minecraft:coal_ore":22,"minecraft:oak_log":14,"minecraft:dirt":2,"minecraft:stone":109,"minecraft:oak_leaves":1,"minecraft:fern":2},"minecraft:custom":{"minecraft:interact_with_furnace":4,"minecraft:mob_kills":16,"minecraft:interact_with_crafting_table":17,"minecraft:time_since_death":17652,"minecraft:time_since_rest":17680,"minecraft:sprint_one_cm":192630,"minecraft:damage_taken":2538,"minecraft:walk_one_cm":74936,"minecraft:drop":4,"minecraft:damage_dealt":1386,"minecraft:swim_one_cm":70559,"minecraft:fly_one_cm":315516,"minecraft:player_kills":1,"minecraft:open_chest":8,"minecraft:crouch_one_cm":6637,"minecraft:play_time":71743,"minecraft:deaths":7,"minecraft:sneak_time":4033,"minecraft:walk_under_water_one_cm":7485,"minecraft:boat_one_cm":264747,"minecraft:jump":1312,"minecraft:walk_on_water_one_cm":9749,"minecraft:total_world_time":71743,"minecraft:fall_one_cm":37716},"minecraft:killed_by":{"minecraft:player":5,"minecraft:skeleton":1},"minecraft:picked_up":{"minecraft:birch_log":7,"minecraft:wheat":3,"minecraft:feather":13,"minecraft:chicken":7,"minecraft:andesite":5,"minecraft:leather":1,"minecraft:oak_log":14,"minecraft:dirt":15,"minecraft:wooden_sword":1,"minecraft:bone":2,"minecraft:wheat_seeds":13,"minecraft:spruce_planks":5,"minecraft:beef":5,"minecraft:oak_boat":1,"minecraft:light_gray_wool":2,"minecraft:furnace":1,"minecraft:stick":4,"minecraft:raw_iron":4,"minecraft:sweet_berries":32,"minecraft:porkchop":2,"minecraft:diorite":28,"minecraft:spruce_log":43,"minecraft:arrow":2,"minecraft:spruce_boat":10,"minecraft:mutton":10,"minecraft:coal":25,"minecraft:white_wool":4,"minecraft:cobblestone":100},"minecraft:broken":{"minecraft:golden_pickaxe":1},"minecraft:crafted":{"minecraft:oak_planks":56,"minecraft:crafting_table":8,"minecraft:spruce_planks":72,"minecraft:wooden_pickaxe":3,"minecraft:furnace":1,"minecraft:birch_planks":28,"minecraft:stone_axe":2,"minecraft:oak_boat":1,"minecraft:stick":16,"minecraft:stone_pickaxe":2,"minecraft:spruce_boat":2},"minecraft:dropped":{"minecraft:wheat_seeds":12,"minecraft:carrot":3}},"DataVersion":3700}