{"stats":{"minecraft:killed":{"minecraft:cave_spider":7,"born_in_chaos_v1:mr_pumpkin":5,"born_in_chaos_v1:zombie_lumberjack":1,"born_in_chaos_v1:skeleton_demoman":1,"born_in_chaos_v1:door_knight_not_despawn":2,"minecraft:spider":10,"born_in_chaos_v1:siamese_skeletonsright":3,"born_in_chaos_v1:baby_skeleton_minion":7,"minecraft:skeleton":7,"minecraft:chicken":1,"mowziesmobs:umvuthana_crane":1,"born_in_chaos_v1:supreme_bonescaller_stage_2":1,"alexsmobs:kangaroo":3,"born_in_chaos_v1:firelight_not_despawn":6,"born_in_chaos_v1:bonescaller":2,"born_in_chaos_v1:diamond_termite":1,"born_in_chaos_v1:glutton_fish":1,"minecraft:iron_golem":1,"minecraft:creeper":3,"rats:rat":3,"minecraft:zombie":13,"born_in_chaos_v1:dread_hound":1,"born_in_chaos_v1:corpse_fly":6,"minecraft:stray":3,"iceandfire:pixie":7,"born_in_chaos_v1:door_knight":1,"born_in_chaos_v1:siamese_skeletonsleft":3,"irons_spellbooks:summoned_zombie":2,"born_in_chaos_v1:thornshell_crab":1,"born_in_chaos_v1:zombie_bruiser":1,"minecraft:phantom":2,"born_in_chaos_v1:maggot":8,"born_in_chaos_v1:pumpkinhead":1,"iceandfire:fire_dragon":1,"born_in_chaos_v1:corpse_fish":5,"minecraft:drowned":1,"cataclysm:lionfish":1,"mowziesmobs:umvuthana":6,"born_in_chaos_v1:spiritof_chaos":1,"born_in_chaos_v1:fallen_chaos_knight":1,"minecraft:husk":7,"born_in_chaos_v1:bone_imp_minion":7,"iceandfire:cyclops":1,"born_in_chaos_v1:swarmer":1,"alexsmobs:rhinoceros":1,"born_in_chaos_v1:decrepit_skeleton":3,"born_in_chaos_v1:bloody_gadfly":1,"iceandfire:ghost":2,"born_in_chaos_v1:dark_vortex":1,"born_in_chaos_v1:controlled_baby_skeleton":2,"minecraft:enderman":1},"minecraft:killed_by":{"minecraft:player":5},"minecraft:mined":{"minecraft:dark_oak_planks":2,"minecraft:large_amethyst_bud":3,"minecraft:spruce_planks":15,"irons_spellbooks:armor_pile":1,"epicpaladins:cryorium_ore":11,"minecraft:brewing_stand":1,"minecraft:carved_pumpkin":1,"minecraft:granite":7,"minecraft:budding_amethyst":3,"minecraft:grass_block":7,"minecraft:deepslate_bricks":1,"born_in_chaos_v1:fel_soil_destructible":2,"minecraft:spawner":12,"farmersdelight:wild_rice":4,"born_in_chaos_v1:black_argillite_brick_slab":3,"minecraft:iron_ore":73,"minecraft:fire":58,"minecraft:barrel":7,"minecraft:moss_carpet":4,"minecraft:iron_bars":3,"minecraft:dead_tube_coral":1,"minecraft:small_amethyst_bud":2,"minecraft:iron_block":1,"minecraft:orange_bed":1,"minecraft:deepslate_redstone_ore":4,"minecraft:blackstone":1,"minecraft:medium_amethyst_bud":1,"minecraft:amethyst_cluster":2,"irons_spellbooks:arcane_debris":1,"minecraft:blast_furnace":1,"minecraft:calcite":13,"iceandfire:ghost_chest":1,"rats:rat_attractor":1,"minecraft:chest":4,"minecraft:cobblestone":44,"minecraft:damaged_anvil":2,"minecraft:amethyst_block":13,"paraglider:horned_statue":1,"minecraft:birch_log":4,"minecraft:wheat":2,"epicpaladins:deepslate_cryorium_ore":5,"minecraft:birch_door":2,"minecraft:stone_brick_stairs":9,"minecraft:smooth_stone_slab":1,"minecraft:grass":43,"minecraft:oak_log":5,"minecraft:sand":3,"minecraft:dirt":10,"minecraft:smooth_basalt":11,"minecraft:netherrack":8,"minecraft:oak_leaves":27,"epicpaladins:arclight_ore":9,"minecraft:deepslate":29,"minecraft:red_carpet":1,"minecraft:tuff":15,"iceandfire:silver_ore":2,"minecraft:dark_oak_leaves":1,"minecraft:deepslate_diamond_ore":3,"minecraft:candle":1,"minecraft:dark_oak_log":2,"born_in_chaos_v1:infected_diamond_ore":4,"minecraft:black_banner":1,"born_in_chaos_v1:black_argillite_brick_wall":1,"born_in_chaos_v1:black_argillite":19,"born_in_chaos_v1:fel_soil":18,"minecraft:weeping_vines":1,"minecraft:moss_block":3,"epicpaladins:deepslate_arclight_ore":7,"minecraft:hay_block":46,"minecraft:black_stained_glass_pane":2,"minecraft:andesite":30,"minecraft:stripped_spruce_log":10,"minecraft:gold_block":1,"minecraft:vine":2,"minecraft:deepslate_iron_ore":20,"minecraft:stone":161,"minecraft:bone_block":10,"epicpaladins:deepslate_bloodstone_ore":6,"minecraft:basalt":1,"minecraft:stone_brick_slab":4,"minecraft:blackstone_slab":1,"minecraft:emerald_ore":2,"minecraft:rose_bush":1,"minecraft:lectern":1,"minecraft:tall_grass":7,"born_in_chaos_v1:chipped_black_argillite_brick":4,"farmersdelight:wild_tomatoes":8,"minecraft:lapis_ore":3,"minecraft:deepslate_gold_ore":12,"minecraft:diorite":8,"minecraft:spruce_stairs":3,"epicpaladins:bloodstone_ore":6,"minecraft:cobblestone_wall":1,"minecraft:stripped_spruce_wood":4,"minecraft:beehive":8,"minecraft:black_wall_banner":1,"minecraft:birch_leaves":1,"minecraft:coal_ore":62,"minecraft:gravel":3,"minecraft:cobweb":9,"minecraft:cracked_stone_bricks":8,"minecraft:polished_andesite":2,"minecraft:stone_bricks":24,"paraglider:goddess_statue":5},"minecraft:broken":{"minecraft:iron_boots":1,"minecraft:iron_chestplate":1,"minecraft:iron_leggings":1,"minecraft:stone_axe":2,"minecraft:iron_helmet":1,"epicfight:stray_robe":1},"minecraft:crafted":{"minecraft:oak_planks":20,"irons_spellbooks:iron_spell_book":1,"epicpaladins:bloodstone_axe":1,"minecraft:iron_boots":2,"minecraft:bow":1,"explorerscompass:explorerscompass":2,"minecraft:birch_door":3,"minecraft:stone_bricks":4,"minecraft:spruce_planks":16,"minecraft:wooden_pickaxe":2,"minecraft:iron_helmet":3,"irons_spellbooks:furled_map":1,"epicfight:iron_longsword":1,"minecraft:birch_planks":32,"epicpaladins:cryorium_sword":1,"born_in_chaos_v1:staffofthe_summoner":1,"minecraft:iron_chestplate":2,"minecraft:shield":1,"minecraft:stick":36,"minecraft:iron_pickaxe":1,"minecraft:iron_ingot":9,"minecraft:compass":2,"minecraft:oak_door":3,"born_in_chaos_v1:pieceofdarkmetal":9,"born_in_chaos_v1:bone_handle":1,"minecraft:stone_pickaxe":2,"epicpaladins:cryorium_pickaxe":2,"minecraft:iron_sword":1,"epicfight:iron_dagger":2,"epicpaladins:cryorium_axe":1,"minecraft:bucket":2,"minecraft:stone_axe":2,"minecraft:bread":2,"epicpaladins:bloodstone_pickaxe":1,"minecraft:iron_leggings":2},"minecraft:dropped":{"minecraft:iron_sword":1,"iceandfire:raw_silver":2,"minecraft:ender_pearl":1,"farmersdelight:chicken_cuts":1024,"epicpaladins:cryorium_pickaxe":1,"minecraft:cracked_stone_bricks":2,"born_in_chaos_v1:pieceofdarkmetal":25,"farmersdelight:rice":4,"minecraft:emerald":25,"born_in_chaos_v1:monster_flesh":6,"alexsmobs:flying_fish":1,"minecraft:cooked_cod":4,"born_in_chaos_v1:fel_lamp":1,"sophisticatedbackpacks:netherite_backpack":5,"irons_spellbooks:arcane_essence":73,"minecraft:phantom_membrane":1,"born_in_chaos_v1:black_argillite_brick_wall":1,"minecraft:sand":10,"sophisticatedbackpacks:stack_upgrade_tier_4":3,"epicpaladins:bloodstone_axe":1,"minecraft:iron_pickaxe":1,"minecraft:dark_oak_planks":2,"minecraft:birch_log":3,"minecraft:white_wool":13,"minecraft:gravel":3,"alexsmobs:centipede_leg":1,"minecraft:stone_axe":1,"alexsmobs:animal_dictionary":1,"born_in_chaos_v1:ethereal_spirit":5,"minecraft:rotten_flesh":16,"minecraft:cooked_mutton":4,"irons_spellbooks:inscription_table":1,"born_in_chaos_v1:dark_upgrade":1,"sophisticatedbackpacks:smelting_upgrade":5,"epicpaladins:cryorium_sword":1,"born_in_chaos_v1:seedof_chaos":10,"minecraft:gunpowder":1,"born_in_chaos_v1:corpse_maggot":9,"irons_spellbooks:arcane_debris":2,"born_in_chaos_v1:diamond_termite_shard":3,"rats:rat_pelt":1,"minecraft:arrow":1,"minecraft:crying_obsidian":5,"born_in_chaos_v1:dark_rod":4,"minecraft:enchanted_book":2,"minecraft:iron_ingot":66,"minecraft:bread":19,"born_in_chaos_v1:shattered_skull":3,"minecraft:wheat_seeds":7,"minecraft:oak_fence":1,"born_in_chaos_v1:holiday_candy":16,"minecraft:iron_helmet":2,"minecraft:apple":4,"minecraft:copper_ingot":2,"born_in_chaos_v1:soul_cutlass":1,"minecraft:polished_blackstone_button":1,"minecraft:coal":8,"minecraft:stick":2,"epicfight:iron_longsword":1,"irons_spellbooks:scroll":2,"born_in_chaos_v1:pumpkin_staff":1,"born_in_chaos_v1:gnawed_bones":1,"irons_spellbooks:affinity_ring":1,"born_in_chaos_v1:fused_bone":3,"epicpaladins:cryorium_gem":5,"minecraft:iron_leggings":1,"irons_spellbooks:common_ink":7,"sophisticatedbackpacks:crafting_upgrade":4,"rats:raw_rat":2,"irons_spellbooks:frozen_bone":83,"epicpaladins:arclight_gem":14,"minecraft:moss_carpet":3,"minecraft:player_head":1,"irons_spellbooks:uncommon_ink":1,"epicpaladins:bloodstone_gem":6,"minecraft:iron_boots":1,"born_in_chaos_v1:spiritual_dust":13,"alexsmobs:cooked_kangaroo_meat":4,"irons_spellbooks:frostward_ring":4,"mowziesmobs:umvuthana_mask_misery":1,"minecraft:bundle":1,"minecraft:iron_chestplate":1,"minecraft:oak_sapling":1,"explorerscompass:explorerscompass":1,"irons_spellbooks:iron_spell_book":1,"iceandfire:fire_dragon_heart":1,"minecraft:stone_pickaxe":1,"minecraft:wooden_pickaxe":4,"waystones:waystone":1,"epicfight:skillbook":1},"minecraft:picked_up":{"irons_spellbooks:scroll":5,"minecraft:birch_door":2,"minecraft:yellow_wool":1,"irons_spellbooks:affinity_ring":1,"born_in_chaos_v1:black_argillite_brick_wall":1,"minecraft:enchanted_book":3,"minecraft:golden_shovel":1,"minecraft:stone_brick_stairs":9,"born_in_chaos_v1:bloody_gadfly_eye":2,"minecraft:brewing_stand":2,"born_in_chaos_v1:holiday_candy":40,"minecraft:amethyst_block":14,"born_in_chaos_v1:black_argillite":19,"paraglider:goddess_statue":5,"minecraft:string":50,"minecraft:cooked_salmon":1,"minecraft:smooth_stone_slab":1,"born_in_chaos_v1:dark_upgrade":1,"epicpaladins:bloodstone_gem":12,"irons_spellbooks:arcane_essence":31,"minecraft:gold_nugget":11,"minecraft:cobbled_deepslate":32,"minecraft:bucket":1,"minecraft:spruce_planks":15,"minecraft:rose_bush":1,"minecraft:calcite":14,"minecraft:iron_pickaxe":1,"sophisticatedbackpacks:netherite_backpack":2,"irons_spellbooks:inscription_table":1,"minecraft:mangrove_log":2,"iceandfire:pixie_dust":7,"minecraft:tipped_arrow":9,"minecraft:beehive":8,"minecraft:stick":2,"born_in_chaos_v1:shattered_skull":2,"epicpaladins:arclight_gem":14,"rats:rat_skull":1,"mowziesmobs:sol_visage":1,"minecraft:oak_fence":2,"minecraft:acacia_log":2,"minecraft:spruce_stairs":2,"epicfight:skillbook":4,"iceandfire:crackled_gravel":2,"born_in_chaos_v1:fel_soil":18,"tombstone:grave_dust":16,"minecraft:diorite":8,"alexsmobs:centipede_leg":1,"minecraft:orange_bed":1,"minecraft:honey_bottle":1,"epicpaladins:cryorium_gem":16,"minecraft:rotten_flesh":85,"born_in_chaos_v1:sea_terror_eye":2,"iceandfire:fire_dragon_heart":1,"minecraft:iron_block":1,"minecraft:carved_pumpkin":1,"tombstone:scroll_of_aquatic_life":1,"irons_spellbooks:arcane_debris":2,"minecraft:blaze_rod":8,"epicfight:stray_robe":1,"minecraft:obsidian":2,"minecraft:iron_bars":3,"minecraft:blaze_powder":2,"alexsmobs:flying_fish":1,"minecraft:cobblestone":219,"minecraft:birch_log":12,"minecraft:feather":32,"farmersdelight:rice":8,"born_in_chaos_v1:spiritual_dust":13,"minecraft:andesite":33,"paraglider:spirit_orb":24,"minecraft:tuff":15,"minecraft:stripped_spruce_wood":4,"alexsmobs:cooked_kangaroo_meat":7,"born_in_chaos_v1:black_argillite_button":5,"rats:raw_rat":7,"minecraft:lapis_lazuli":20,"irons_spellbooks:concentration_amulet":1,"minecraft:dirt":47,"born_in_chaos_v1:monster_skin":2,"minecraft:bone":30,"rats:rat_attractor":1,"minecraft:bow":2,"minecraft:wheat_seeds":13,"minecraft:raw_gold":12,"minecraft:moss_block":1,"minecraft:ghast_tear":1,"irons_spellbooks:frozen_bone":19,"irons_spellbooks:frostward_ring":4,"minecraft:poisonous_potato":2,"iceandfire:dragon_skull_fire":1,"minecraft:sand":20,"minecraft:stripped_spruce_log":9,"minecraft:dark_oak_log":2,"minecraft:barrel":7,"minecraft:bundle":2,"cataclysm:lionfish":1,"alexsmobs:kangaroo_hide":8,"minecraft:polished_andesite":1,"born_in_chaos_v1:fire_dust":6,"minecraft:diamond":5,"waystones:waystone":2,"minecraft:polished_blackstone_button":2,"epicfight:iron_dagger":1,"minecraft:granite":8,"minecraft:bone_meal":2,"minecraft:bread":73,"minecraft:emerald":24,"minecraft:oak_sapling":2,"born_in_chaos_v1:rotten_fish":11,"minecraft:netherrack":9,"irons_spellbooks:uncommon_ink":4,"born_in_chaos_v1:sea_terror_stomach":1,"iceandfire:raw_silver":2,"minecraft:fishing_rod":1,"minecraft:charcoal":8,"born_in_chaos_v1:diamond_termite_shard":3,"minecraft:chicken":1,"born_in_chaos_v1:seedof_chaos":8,"minecraft:wooden_pickaxe":2,"minecraft:gold_block":1,"minecraft:chain":1,"minecraft:shield":1,"minecraft:moss_carpet":9,"minecraft:netherite_scrap":1,"minecraft:blackstone":1,"minecraft:cracked_stone_bricks":11,"minecraft:candle":16,"minecraft:cyan_wool":1,"born_in_chaos_v1:gnawed_bones":2,"minecraft:player_head":1,"minecraft:iron_nugget":25,"minecraft:lectern":1,"minecraft:chest":4,"minecraft:birch_sapling":1,"minecraft:phantom_membrane":1,"minecraft:egg":1,"iceandfire:dragonbone":9,"minecraft:raw_iron":92,"minecraft:sandstone":6,"minecraft:oak_door":1,"sophisticatedbackpacks:crafting_upgrade":1,"farmersdelight:tomato_seeds":7,"born_in_chaos_v1:pieceofdarkmetal":6,"minecraft:redstone":18,"minecraft:dark_oak_planks":4,"minecraft:arrow":24,"minecraft:deepslate_bricks":1,"minecraft:hay_block":46,"mowziesmobs:umvuthana_mask_bliss":4,"minecraft:black_banner":2,"born_in_chaos_v1:spiny_shell":3,"tombstone:essence_of_undeath":1,"minecraft:gold_ingot":6,"alexsmobs:kangaroo_meat":3,"minecraft:bone_block":10,"born_in_chaos_v1:fused_bone":5,"born_in_chaos_v1:corpse_maggot":19,"minecraft:basalt":1,"born_in_chaos_v1:monster_flesh":2,"born_in_chaos_v1:pumpkin_staff":1,"minecraft:leather":5,"minecraft:blackstone_slab":1,"minecraft:filled_map":2,"minecraft:oak_log":5,"minecraft:lily_pad":2,"rats:rat_pelt":3,"minecraft:cobblestone_wall":3,"minecraft:gunpowder":20,"minecraft:paper":22,"tombstone:gift":1,"irons_spellbooks:rare_ink":1,"irons_spellbooks:common_ink":7,"minecraft:coast_armor_trim_smithing_template":2,"minecraft:red_carpet":1,"born_in_chaos_v1:soul_cutlass":1,"minecraft:apple":3,"minecraft:stone_bricks":24,"minecraft:iron_ingot":74,"minecraft:cobweb":6,"minecraft:glass_bottle":1,"sophisticatedbackpacks:smelting_upgrade":2,"mowziesmobs:umvuthana_mask_misery":1,"minecraft:book":1,"minecraft:smooth_basalt":11,"minecraft:pumpkin":4,"iceandfire:ash":2,"minecraft:stone_brick_slab":4,"born_in_chaos_v1:orbofthe_summoner":1,"born_in_chaos_v1:ethereal_spirit":7,"minecraft:gravel":6,"born_in_chaos_v1:dark_rod":2,"minecraft:amethyst_shard":6,"minecraft:blast_furnace":1,"minecraft:crying_obsidian":9,"minecraft:spider_eye":12,"minecraft:pumpkin_seeds":27,"minecraft:slime_ball":2,"minecraft:stone_axe":1,"minecraft:iron_helmet":1,"tombstone:magic_scroll":3,"minecraft:damaged_anvil":2,"minecraft:coal":59,"minecraft:ender_pearl":4},"minecraft:used":{"epicpaladins:bloodstone_pickaxe":473,"minecraft:shield":42,"minecraft:iron_sword":28,"paraglider:goddess_statue":1,"minecraft:carrot":10,"born_in_chaos_v1:soul_cutlass":235,"minecraft:tuff":11,"born_in_chaos_v1:smoked_flesh":3,"minecraft:mangrove_log":1,"iceandfire:crackled_gravel":2,"epicfight:iron_dagger":352,"minecraft:iron_helmet":2,"minecraft:stone_bricks":8,"minecraft:bow":22,"rats:cooked_rat":1,"minecraft:cooked_cod":60,"minecraft:egg":1,"minecraft:potato":2,"epicfight:skillbook":5,"minecraft:diorite":9,"minecraft:damaged_anvil":1,"born_in_chaos_v1:fel_soil":5,"minecraft:stone_pickaxe":127,"minecraft:wooden_pickaxe":23,"minecraft:sandstone":6,"epicpaladins:cryorium_axe":71,"minecraft:sand":6,"minecraft:black_banner":1,"born_in_chaos_v1:holiday_candy":5,"waystones:waystone":1,"rats:raw_rat":1,"minecraft:bread":153,"minecraft:birch_log":1,"minecraft:andesite":12,"minecraft:oak_fence":1,"minecraft:acacia_log":2,"minecraft:rose_bush":1,"minecraft:iron_bars":3,"epicpaladins:cryorium_pickaxe":63,"born_in_chaos_v1:black_argillite":19,"minecraft:cooked_salmon":1,"minecraft:cooked_chicken":1,"minecraft:oak_door":3,"minecraft:dirt":15,"alexsmobs:cooked_kangaroo_meat":3,"minecraft:birch_door":2,"minecraft:smooth_basalt":8,"minecraft:basalt":1,"tombstone:gift":7,"minecraft:cobbled_deepslate":7,"minecraft:iron_leggings":1,"minecraft:calcite":5,"minecraft:cooked_mutton":9,"minecraft:water_bucket":5,"minecraft:amethyst_block":7,"rats:rat_attractor":1,"minecraft:cracked_stone_bricks":3,"tombstone:tablet_of_assistance":4,"minecraft:iron_pickaxe":66,"born_in_chaos_v1:staffofthe_summoner":96,"tombstone:magic_scroll":1,"iceandfire:ash":2,"minecraft:stone_axe":90,"minecraft:fishing_rod":1,"minecraft:cobblestone":141,"minecraft:cooked_porkchop":65,"minecraft:bucket":5},"minecraft:custom":{"minecraft:interact_with_crafting_table":1,"minecraft:open_barrel":38,"minecraft:leave_game":1,"minecraft:time_since_death":13707,"minecraft:sprint_one_cm":1612851,"minecraft:damage_blocked_by_shield":510,"minecraft:drop":170,"minecraft:play_time":343226,"minecraft:deaths":8,"minecraft:jump":7140,"minecraft:interact_with_brewingstand":4,"minecraft:walk_on_water_one_cm":193395,"minecraft:traded_with_villager":1,"minecraft:waystone_activated":6,"minecraft:damage_dealt":31468,"minecraft:player_kills":1,"minecraft:crouch_one_cm":32929,"tombstone:undead_killed":73,"minecraft:interact_with_anvil":3,"minecraft:mob_kills":168,"minecraft:damage_dealt_resisted":2583,"minecraft:climb_one_cm":27284,"minecraft:walk_one_cm":1425052,"minecraft:damage_dealt_absorbed":1162,"minecraft:sneak_time":5330,"minecraft:walk_under_water_one_cm":82505,"minecraft:interact_with_lectern":1,"minecraft:total_world_time":343226,"tombstone:raider_killed":2,"minecraft:time_since_rest":13140,"minecraft:damage_taken":21947,"minecraft:swim_one_cm":413317,"minecraft:fly_one_cm":1953474,"minecraft:open_chest":58,"minecraft:fall_one_cm":169893}},"DataVersion":3465}