{"stats":{"minecraft:used":{"minecraft:poppy":2,"minecraft:shield":9,"minecraft:iron_sword":4,"minecraft:cooked_chicken":2,"minecraft:rotten_flesh":3,"minecraft:oak_door":1,"minecraft:dirt":10,"minecraft:anvil":3,"minecraft:red_shulker_box":1,"minecraft:wooden_axe":28,"minecraft:iron_axe":1,"minecraft:sweet_berries":51,"minecraft:furnace":2,"minecraft:cobbled_deepslate":76,"minecraft:cooked_mutton":4,"minecraft:diorite":33,"minecraft:stone_pickaxe":419,"minecraft:oak_planks":8,"minecraft:wooden_pickaxe":52,"minecraft:black_shulker_box":1,"minecraft:diamond_axe":49,"minecraft:salmon":5,"minecraft:crafting_table":10,"minecraft:spruce_log":1,"minecraft:diamond_pickaxe":1,"minecraft:iron_pickaxe":52,"minecraft:gravel":10,"minecraft:stone_axe":10,"minecraft:cobblestone":199,"minecraft:porkchop":6,"minecraft:cooked_porkchop":1,"minecraft:andesite":17,"minecraft:oak_boat":11},"minecraft:killed":{"minecraft:skeleton":3,"minecraft:drowned":3,"minecraft:pig":3,"minecraft:zombie_villager":1,"minecraft:salmon":5,"minecraft:iron_golem":1,"minecraft:sheep":2,"minecraft:zombie":4,"minecraft:player":17},"minecraft:custom":{"minecraft:interact_with_anvil":5,"minecraft:mob_kills":24,"minecraft:interact_with_crafting_table":13,"minecraft:open_shulker_box":2,"minecraft:leave_game":1,"minecraft:time_since_death":12136,"minecraft:sprint_one_cm":241157,"minecraft:walk_one_cm":108699,"minecraft:damage_blocked_by_shield":538,"minecraft:drop":103,"minecraft:play_time":123757,"minecraft:sneak_time":24171,"minecraft:deaths":12,"minecraft:walk_under_water_one_cm":24597,"minecraft:boat_one_cm":380248,"minecraft:jump":2314,"minecraft:walk_on_water_one_cm":27315,"minecraft:total_world_time":123757,"minecraft:interact_with_furnace":15,"minecraft:time_since_rest":12157,"minecraft:damage_taken":4490,"minecraft:damage_dealt":9103,"minecraft:player_kills":22,"minecraft:swim_one_cm":213081,"minecraft:fly_one_cm":353784,"minecraft:crouch_one_cm":34500,"minecraft:fall_one_cm":50406},"minecraft:mined":{"minecraft:tuff":5,"minecraft:deepslate_diamond_ore":6,"minecraft:oak_door":1,"minecraft:granite":10,"minecraft:grass_block":10,"minecraft:spruce_leaves":4,"minecraft:large_fern":5,"minecraft:furnace":2,"minecraft:iron_ore":5,"minecraft:cobbled_deepslate":1,"minecraft:andesite":17,"minecraft:dirt_path":1,"minecraft:deepslate_iron_ore":8,"minecraft:stone":308,"minecraft:crafting_table":9,"minecraft:short_grass":2,"minecraft:cobblestone":1,"minecraft:copper_ore":2,"minecraft:diorite":32,"minecraft:coarse_dirt":1,"minecraft:sweet_berry_bush":52,"minecraft:spruce_log":8,"minecraft:coal_ore":32,"minecraft:oak_log":25,"minecraft:dirt":29,"minecraft:gravel":10,"minecraft:oak_leaves":7,"minecraft:deepslate":81,"minecraft:fern":3},"minecraft:killed_by":{"minecraft:player":6,"minecraft:creeper":1,"minecraft:enderman":1,"minecraft:zombie":2},"minecraft:picked_up":{"minecraft:wooden_axe":1,"minecraft:coarse_dirt":1,"minecraft:crafting_table":12,"minecraft:wheat":11,"minecraft:wooden_pickaxe":4,"minecraft:raw_copper":16,"minecraft:flint_and_steel":2,"minecraft:black_shulker_box":1,"minecraft:cobbled_deepslate":104,"minecraft:spruce_planks":18,"minecraft:oak_boat":9,"minecraft:poppy":4,"minecraft:light_gray_wool":4,"minecraft:furnace":3,"minecraft:stick":10,"minecraft:raw_iron":16,"minecraft:oak_door":1,"minecraft:porkchop":7,"minecraft:diorite":89,"minecraft:red_shulker_box":2,"minecraft:stone_sword":2,"minecraft:arrow":6,"minecraft:rotten_flesh":8,"minecraft:stone_shovel":3,"minecraft:obsidian":14,"minecraft:mutton":7,"minecraft:white_wool":1,"minecraft:cobblestone":923,"minecraft:feather":15,"minecraft:salmon":5,"minecraft:andesite":79,"minecraft:golden_leggings":1,"minecraft:potato":2,"minecraft:birch_planks":39,"minecraft:flint":10,"minecraft:tuff":5,"minecraft:oak_log":24,"minecraft:lily_pad":4,"minecraft:gunpowder":1,"minecraft:dirt":94,"minecraft:cooked_mutton":1,"minecraft:bone":7,"minecraft:wheat_seeds":62,"minecraft:iron_ingot":5,"minecraft:stone_pickaxe":7,"minecraft:cooked_chicken":2,"minecraft:iron_sword":1,"minecraft:oak_planks":10,"minecraft:sweet_berries":164,"minecraft:gravel":10,"minecraft:spruce_sapling":7,"minecraft:spruce_log":11,"minecraft:purple_bed":1,"minecraft:diamond":6,"minecraft:stone_axe":6,"minecraft:spruce_boat":2,"minecraft:granite":24,"minecraft:black_wool":1,"minecraft:coal":74},"minecraft:broken":{"minecraft:stone_pickaxe":2},"minecraft:crafted":{"minecraft:oak_door":3,"minecraft:oak_planks":96,"minecraft:furnace":1,"minecraft:cooked_mutton":3,"minecraft:iron_axe":2,"minecraft:stone_pickaxe":5,"minecraft:cooked_porkchop":1,"minecraft:diamond_axe":1,"minecraft:crafting_table":5,"minecraft:spruce_planks":28,"minecraft:wooden_pickaxe":2,"minecraft:iron_sword":1,"minecraft:stone_axe":1,"minecraft:air":0,"minecraft:oak_boat":4,"minecraft:iron_chestplate":1,"minecraft:diamond_pickaxe":1,"minecraft:shield":1,"minecraft:stick":40,"minecraft:iron_ingot":16,"minecraft:iron_pickaxe":1,"minecraft:wooden_axe":3},"minecraft:dropped":{"minecraft:iron_ingot":1,"minecraft:birch_planks":33,"minecraft:wheat_seeds":61,"minecraft:diamond_axe":1,"minecraft:crafting_table":5,"minecraft:feather":15,"minecraft:cobblestone":722,"minecraft:granite":24,"minecraft:coal":40,"minecraft:stick":9,"minecraft:flint":10,"minecraft:red_shulker_box":1,"minecraft:dirt":56,"minecraft:diorite":56,"minecraft:wooden_axe":2,"minecraft:iron_axe":2,"minecraft:iron_pickaxe":1,"minecraft:lily_pad":1,"minecraft:white_wool":1,"minecraft:spruce_sapling":4,"minecraft:bone":4,"minecraft:oak_door":3,"minecraft:furnace":2,"minecraft:stone_axe":7,"minecraft:sweet_berries":26,"minecraft:compass":1,"minecraft:cobbled_deepslate":28,"minecraft:stone_sword":2,"minecraft:raw_copper":16,"minecraft:tuff":5,"minecraft:wheat":11,"minecraft:obsidian":1,"minecraft:stone_shovel":3,"minecraft:rotten_flesh":3,"minecraft:light_gray_wool":4,"minecraft:oak_planks":22,"minecraft:flint_and_steel":2,"minecraft:poppy":2,"minecraft:potato":2,"minecraft:spruce_boat":2,"minecraft:shield":1,"minecraft:gunpowder":1,"minecraft:spruce_planks":18,"minecraft:diamond_pickaxe":1,"minecraft:andesite":62,"minecraft:purple_bed":1,"minecraft:oak_boat":1,"minecraft:spruce_log":1,"minecraft:arrow":6,"minecraft:stone_pickaxe":6,"minecraft:wooden_pickaxe":5,"minecraft:black_wool":1}},"DataVersion":3700}