{"stats":{"minecraft:used":{"minecraft:wooden_axe":2,"minecraft:oak_planks":8,"minecraft:rotten_flesh":1,"minecraft:dirt":2,"minecraft:sweet_berries":4,"minecraft:crafting_table":1,"minecraft:porkchop":3,"minecraft:oak_boat":2,"minecraft:spruce_log":1},"minecraft:killed":{"minecraft:zombie":1,"minecraft:pig":1,"minecraft:zombie_villager":1,"minecraft:player":4},"minecraft:custom":{"minecraft:time_since_rest":4428,"minecraft:sprint_one_cm":92577,"minecraft:damage_taken":2833,"minecraft:walk_one_cm":42826,"minecraft:mob_kills":3,"minecraft:drop":5,"minecraft:damage_dealt":2256,"minecraft:swim_one_cm":54149,"minecraft:interact_with_crafting_table":1,"minecraft:fly_one_cm":118044,"minecraft:player_kills":7,"minecraft:crouch_one_cm":2548,"minecraft:play_time":29419,"minecraft:deaths":10,"minecraft:sneak_time":1341,"minecraft:walk_under_water_one_cm":4901,"minecraft:boat_one_cm":13644,"minecraft:jump":976,"minecraft:walk_on_water_one_cm":9649,"minecraft:time_since_death":4398,"minecraft:total_world_time":29419,"minecraft:fall_one_cm":28024},"minecraft:mined":{"minecraft:large_fern":1,"minecraft:coarse_dirt":1,"minecraft:sweet_berry_bush":24,"minecraft:spruce_log":1,"minecraft:crafting_table":1,"minecraft:short_grass":1,"minecraft:grass_block":3,"minecraft:oak_log":6,"minecraft:dirt_path":1,"minecraft:dirt":12,"minecraft:spruce_leaves":2,"minecraft:fern":2},"minecraft:killed_by":{"minecraft:player":5,"minecraft:zombie":2,"minecraft:enderman":1},"minecraft:picked_up":{"minecraft:wooden_axe":1,"minecraft:coarse_dirt":1,"minecraft:stick":1,"minecraft:crafting_table":2,"minecraft:sweet_berries":59,"minecraft:porkchop":3,"minecraft:oak_log":6,"minecraft:spruce_sapling":3,"minecraft:spruce_log":3,"minecraft:dirt":18,"minecraft:rotten_flesh":3,"minecraft:oak_boat":2},"minecraft:crafted":{"minecraft:oak_boat":1,"minecraft:oak_planks":24,"minecraft:crafting_table":1,"minecraft:stick":8,"minecraft:wooden_axe":1},"minecraft:dropped":{"minecraft:compass":1,"minecraft:wooden_axe":1,"minecraft:crafting_table":2,"minecraft:oak_boat":1}},"DataVersion":3700}