{"stats":{"minecraft:used":{"minecraft:cooked_mutton":1,"minecraft:diorite":16,"minecraft:stone_pickaxe":276,"minecraft:oak_planks":8,"minecraft:poppy":2,"minecraft:wooden_pickaxe":52,"minecraft:iron_sword":2,"minecraft:rotten_flesh":3,"minecraft:oak_door":1,"minecraft:salmon":3,"minecraft:dirt":10,"minecraft:crafting_table":8,"minecraft:spruce_log":1,"minecraft:wooden_axe":28,"minecraft:iron_axe":1,"minecraft:gravel":10,"minecraft:stone_axe":7,"minecraft:cobblestone":137,"minecraft:sweet_berries":30,"minecraft:cooked_porkchop":1,"minecraft:furnace":1,"minecraft:porkchop":6,"minecraft:oak_boat":10},"minecraft:killed":{"minecraft:pig":3,"minecraft:zombie_villager":1,"minecraft:salmon":5,"minecraft:iron_golem":1,"minecraft:sheep":2,"minecraft:zombie":3,"minecraft:player":5},"minecraft:mined":{"minecraft:oak_door":1,"minecraft:crafting_table":7,"minecraft:granite":10,"minecraft:short_grass":2,"minecraft:grass_block":10,"minecraft:cobblestone":1,"minecraft:spruce_leaves":4,"minecraft:diorite":18,"minecraft:large_fern":5,"minecraft:coarse_dirt":1,"minecraft:furnace":1,"minecraft:iron_ore":5,"minecraft:sweet_berry_bush":50,"minecraft:spruce_log":8,"minecraft:andesite":3,"minecraft:oak_log":25,"minecraft:coal_ore":17,"minecraft:dirt_path":1,"minecraft:gravel":10,"minecraft:dirt":25,"minecraft:stone":259,"minecraft:oak_leaves":7,"minecraft:fern":3},"minecraft:custom":{"minecraft:interact_with_furnace":3,"minecraft:mob_kills":16,"minecraft:interact_with_crafting_table":8,"minecraft:leave_game":1,"minecraft:time_since_death":47721,"minecraft:time_since_rest":47755,"minecraft:sprint_one_cm":208311,"minecraft:damage_taken":3645,"minecraft:walk_one_cm":81466,"minecraft:drop":10,"minecraft:damage_dealt":4963,"minecraft:swim_one_cm":147429,"minecraft:fly_one_cm":261647,"minecraft:player_kills":8,"minecraft:crouch_one_cm":25050,"minecraft:play_time":81757,"minecraft:deaths":11,"minecraft:sneak_time":17228,"minecraft:walk_under_water_one_cm":11498,"minecraft:boat_one_cm":298961,"minecraft:jump":1843,"minecraft:walk_on_water_one_cm":17406,"minecraft:total_world_time":81757,"minecraft:fall_one_cm":42829},"minecraft:killed_by":{"minecraft:player":5,"minecraft:creeper":1,"minecraft:zombie":2,"minecraft:enderman":1},"minecraft:picked_up":{"minecraft:wooden_axe":1,"minecraft:crafting_table":10,"minecraft:coarse_dirt":1,"minecraft:feather":6,"minecraft:andesite":3,"minecraft:salmon":5,"minecraft:wooden_pickaxe":1,"minecraft:birch_planks":15,"minecraft:oak_log":24,"minecraft:lily_pad":4,"minecraft:gunpowder":1,"minecraft:dirt":54,"minecraft:cooked_mutton":1,"minecraft:bone":1,"minecraft:wheat_seeds":2,"minecraft:spruce_planks":2,"minecraft:cooked_chicken":1,"minecraft:iron_ingot":5,"minecraft:stone_pickaxe":1,"minecraft:oak_boat":9,"minecraft:poppy":4,"minecraft:iron_sword":1,"minecraft:furnace":2,"minecraft:stick":4,"minecraft:raw_iron":8,"minecraft:oak_door":1,"minecraft:sweet_berries":119,"minecraft:gravel":10,"minecraft:porkchop":7,"minecraft:spruce_sapling":5,"minecraft:diorite":19,"minecraft:spruce_log":10,"minecraft:stone_shovel":1,"minecraft:rotten_flesh":5,"minecraft:stone_axe":1,"minecraft:granite":11,"minecraft:mutton":7,"minecraft:black_wool":1,"minecraft:obsidian":13,"minecraft:coal":24,"minecraft:white_wool":1,"minecraft:cobblestone":426},"minecraft:crafted":{"minecraft:oak_door":3,"minecraft:oak_planks":96,"minecraft:cooked_porkchop":1,"minecraft:crafting_table":5,"minecraft:spruce_planks":28,"minecraft:wooden_pickaxe":2,"minecraft:iron_sword":1,"minecraft:furnace":1,"minecraft:stone_axe":1,"minecraft:air":0,"minecraft:oak_boat":4,"minecraft:iron_axe":1,"minecraft:stick":28,"minecraft:stone_pickaxe":3,"minecraft:wooden_axe":3},"minecraft:broken":{"minecraft:stone_pickaxe":1},"minecraft:dropped":{"minecraft:compass":1,"minecraft:wheat_seeds":1,"minecraft:crafting_table":3,"minecraft:poppy":2,"minecraft:wooden_axe":1,"minecraft:oak_boat":1,"minecraft:iron_axe":1}},"DataVersion":3700}