{"stats":{"minecraft:used":{"minecraft:poppy":2,"minecraft:oak_planks":8,"minecraft:wooden_pickaxe":52,"minecraft:iron_sword":2,"minecraft:rotten_flesh":3,"minecraft:salmon":3,"minecraft:dirt":7,"minecraft:crafting_table":6,"minecraft:spruce_log":1,"minecraft:wooden_axe":28,"minecraft:iron_axe":1,"minecraft:cobblestone":1,"minecraft:sweet_berries":30,"minecraft:porkchop":6,"minecraft:oak_boat":10},"minecraft:killed":{"minecraft:pig":3,"minecraft:zombie_villager":1,"minecraft:salmon":5,"minecraft:iron_golem":1,"minecraft:sheep":2,"minecraft:zombie":3,"minecraft:player":4},"minecraft:mined":{"minecraft:crafting_table":5,"minecraft:short_grass":2,"minecraft:grass_block":9,"minecraft:spruce_leaves":4,"minecraft:large_fern":4,"minecraft:coarse_dirt":1,"minecraft:sweet_berry_bush":48,"minecraft:spruce_log":8,"minecraft:oak_log":25,"minecraft:coal_ore":2,"minecraft:dirt_path":1,"minecraft:dirt":23,"minecraft:stone":38,"minecraft:oak_leaves":7,"minecraft:fern":2},"minecraft:custom":{"minecraft:mob_kills":16,"minecraft:interact_with_crafting_table":5,"minecraft:leave_game":1,"minecraft:time_since_death":29150,"minecraft:time_since_rest":29184,"minecraft:sprint_one_cm":199132,"minecraft:damage_taken":3526,"minecraft:walk_one_cm":75466,"minecraft:drop":10,"minecraft:damage_dealt":4635,"minecraft:swim_one_cm":137848,"minecraft:fly_one_cm":244088,"minecraft:player_kills":7,"minecraft:crouch_one_cm":2989,"minecraft:play_time":63186,"minecraft:deaths":11,"minecraft:sneak_time":2748,"minecraft:walk_under_water_one_cm":9084,"minecraft:boat_one_cm":298961,"minecraft:jump":1684,"minecraft:walk_on_water_one_cm":16406,"minecraft:total_world_time":63186,"minecraft:fall_one_cm":40820},"minecraft:killed_by":{"minecraft:player":5,"minecraft:creeper":1,"minecraft:zombie":2,"minecraft:enderman":1},"minecraft:picked_up":{"minecraft:wooden_axe":1,"minecraft:coarse_dirt":1,"minecraft:crafting_table":7,"minecraft:salmon":5,"minecraft:oak_log":24,"minecraft:lily_pad":4,"minecraft:dirt":35,"minecraft:bone":1,"minecraft:wheat_seeds":2,"minecraft:iron_ingot":5,"minecraft:oak_boat":9,"minecraft:poppy":4,"minecraft:iron_sword":1,"minecraft:stick":3,"minecraft:sweet_berries":117,"minecraft:porkchop":7,"minecraft:spruce_sapling":3,"minecraft:spruce_log":10,"minecraft:rotten_flesh":5,"minecraft:black_wool":1,"minecraft:mutton":4,"minecraft:obsidian":13,"minecraft:coal":2,"minecraft:white_wool":1,"minecraft:cobblestone":38},"minecraft:crafted":{"minecraft:oak_planks":80,"minecraft:crafting_table":5,"minecraft:spruce_planks":28,"minecraft:wooden_pickaxe":2,"minecraft:iron_sword":1,"minecraft:oak_boat":4,"minecraft:iron_axe":1,"minecraft:stick":24,"minecraft:wooden_axe":3},"minecraft:dropped":{"minecraft:compass":1,"minecraft:wheat_seeds":1,"minecraft:crafting_table":3,"minecraft:poppy":2,"minecraft:wooden_axe":1,"minecraft:oak_boat":1,"minecraft:iron_axe":1}},"DataVersion":3700}