{"stats":{"minecraft:killed":{"born_in_chaos_v1:zombie_lumberjack":1,"minecraft:spider":2,"born_in_chaos_v1:firelight":3,"born_in_chaos_v1:scarlet_persecutor":1,"born_in_chaos_v1:maggot":4,"minecraft:skeleton":6,"born_in_chaos_v1:fallen_chaos_knight":1,"minecraft:piglin":3,"minecraft:pig":1,"born_in_chaos_v1:diamond_termite":8,"born_in_chaos_v1:swarmer":1,"born_in_chaos_v1:bone_imp":4,"rats:rat":1,"born_in_chaos_v1:decrepit_skeleton":1,"minecraft:zombie":7,"iceandfire:ghost":5,"born_in_chaos_v1:corpse_fly":5},"minecraft:picked_up":{"born_in_chaos_v1:diamond_termite_shard":13,"minecraft:crafting_table":2,"minecraft:coarse_dirt":1,"iceandfire:copper_sword":1,"born_in_chaos_v1:seedof_chaos":1,"minecraft:wither_rose":1,"minecraft:potion":4,"minecraft:enchanted_book":1,"minecraft:nether_brick":33,"minecraft:brewing_stand":1,"minecraft:string":39,"sophisticatedbackpacks:stack_upgrade_tier_4":3,"minecraft:blackstone":184,"iceandfire:graveyard_soil":1,"minecraft:diamond_leggings":1,"minecraft:gold_nugget":125,"minecraft:cobbled_deepslate":263,"minecraft:iron_nugget":76,"sophisticatedbackpacks:netherite_backpack":2,"minecraft:sugar_cane":8,"minecraft:mangrove_log":4,"minecraft:raw_iron":52,"epicpaladins:arclight_gem":15,"sophisticatedbackpacks:crafting_upgrade":4,"epicfight:skillbook":1,"minecraft:fire_charge":3,"minecraft:porkchop":1,"tombstone:grave_dust":1,"minecraft:diorite":20,"farmersdelight:chicken_cuts":383,"born_in_chaos_v1:pieceofdarkmetal":5,"epicpaladins:moonlight_gem":23,"iceandfire:silver_ingot":1,"minecraft:rotten_flesh":4,"minecraft:diamond_chestplate":1,"farmersdelight:cooked_chicken_cuts":51,"minecraft:diamond_boots":1,"minecraft:cut_copper":1,"minecraft:obsidian":10,"minecraft:cobblestone":236,"born_in_chaos_v1:corpse_maggot":1,"minecraft:andesite":10,"minecraft:water_bucket":1,"minecraft:jungle_log":1,"minecraft:leather":21,"minecraft:flint":2,"minecraft:tuff":42,"minecraft:oak_log":11,"iceandfire:ectoplasm":2,"minecraft:lapis_lazuli":43,"minecraft:dirt":40,"minecraft:bone":3,"minecraft:wheat_seeds":3,"minecraft:raw_gold":20,"minecraft:iron_ingot":1,"minecraft:diamond_helmet":1,"sophisticatedbackpacks:smelting_upgrade":3,"minecraft:soul_sand":33,"minecraft:warped_fungus":2,"minecraft:quartz":25,"minecraft:gravel":104,"minecraft:crying_obsidian":13,"minecraft:spectral_arrow":23,"minecraft:diamond":47,"minecraft:granite":14,"minecraft:warped_roots":1,"tombstone:magic_scroll":2,"minecraft:netherrack":159,"minecraft:crimson_roots":2,"minecraft:coal":20,"iceandfire:raw_silver":9,"minecraft:ender_pearl":7},"minecraft:dropped":{"epicpaladins:moonlight_pickaxe":1,"iceandfire:raw_silver":3,"minecraft:porkchop":1,"minecraft:diamond":48,"minecraft:iron_helmet":1,"minecraft:warped_roots":1,"minecraft:leather":21,"farmersdelight:chicken_cuts":320,"minecraft:granite":6,"iceandfire:ectoplasm":2,"minecraft:dirt":7,"minecraft:diorite":10,"sophisticatedbackpacks:netherite_backpack":1,"minecraft:fire_charge":1,"minecraft:potion":3,"minecraft:iron_leggings":1,"minecraft:gold_nugget":13,"minecraft:wither_rose":1,"minecraft:axolotl_bucket":1,"sophisticatedbackpacks:stack_upgrade_tier_4":1,"minecraft:iron_pickaxe":1,"sophisticatedbackpacks:crafting_upgrade":2,"minecraft:string":22,"epicpaladins:moonlight_axe":1,"minecraft:gold_ingot":34,"minecraft:bone":3,"minecraft:gravel":100,"minecraft:blackstone":118,"epicpaladins:moonlight_sword":1,"minecraft:coarse_dirt":1,"minecraft:stone_sword":1,"minecraft:nether_brick":33,"minecraft:rotten_flesh":4,"minecraft:iron_boots":1,"sophisticatedbackpacks:smelting_upgrade":1,"minecraft:mangrove_log":4,"iceandfire:copper_sword":2,"minecraft:iron_chestplate":1,"minecraft:andesite":10,"minecraft:jungle_log":1,"iceandfire:silver_ingot":1,"born_in_chaos_v1:diamond_termite_shard":1,"minecraft:netherrack":94,"iceandfire:manuscript":3},"minecraft:broken":{"minecraft:stone_pickaxe":1},"minecraft:used":{"minecraft:stone_sword":23,"minecraft:flint_and_steel":2,"minecraft:shield":60,"minecraft:netherrack":1,"minecraft:dirt":6,"minecraft:cut_copper":2,"minecraft:granite":4,"minecraft:axolotl_bucket":2,"minecraft:lava_bucket":13,"farmersdelight:chicken_cuts":7,"minecraft:warped_fungus":1,"minecraft:cooked_cod":64,"epicpaladins:moonlight_sword":128,"minecraft:cobbled_deepslate":19,"minecraft:water_bucket":49,"epicfight:skillbook":1,"minecraft:stone_pickaxe":131,"minecraft:blackstone":2,"minecraft:wooden_pickaxe":8,"minecraft:crafting_table":2,"epicpaladins:moonlight_pickaxe":1157,"farmersdelight:cooked_chicken_cuts":28,"minecraft:iron_pickaxe":171,"minecraft:gravel":4,"minecraft:stone_axe":2,"minecraft:fire_charge":1,"minecraft:wooden_sword":9,"minecraft:cobblestone":177,"minecraft:bucket":66},"minecraft:mined":{"minecraft:nether_gold_ore":28,"minecraft:tuff":45,"iceandfire:graveyard_soil":1,"iceandfire:silver_ore":9,"minecraft:deepslate_diamond_ore":49,"minecraft:brewing_stand":1,"born_in_chaos_v1:infected_diamond_ore":4,"minecraft:obsidian":3,"minecraft:granite":14,"minecraft:grass_block":11,"minecraft:crimson_roots":2,"epicpaladins:deepslate_arclight_ore":15,"epicpaladins:moonlight_ore":24,"minecraft:iron_ore":24,"minecraft:fire":19,"minecraft:andesite":10,"minecraft:deepslate_lapis_ore":8,"minecraft:deepslate_iron_ore":29,"minecraft:vine":2,"minecraft:cut_copper":1,"minecraft:stone":226,"minecraft:blackstone":33,"minecraft:crimson_nylium":3,"minecraft:crafting_table":2,"born_in_chaos_v1:infected_deepslate_diamond_ore":2,"minecraft:nether_quartz_ore":6,"minecraft:tall_grass":1,"minecraft:cobblestone":4,"minecraft:deepslate_gold_ore":15,"minecraft:sugar_cane":6,"minecraft:diorite":20,"minecraft:coarse_dirt":1,"minecraft:warped_fungus":2,"minecraft:wither_rose":1,"minecraft:grass":6,"minecraft:oak_log":11,"minecraft:coal_ore":19,"minecraft:gravel":15,"minecraft:dirt":41,"minecraft:netherrack":568,"minecraft:gold_ore":5,"minecraft:oak_leaves":12,"minecraft:deepslate":255,"minecraft:fern":1},"minecraft:crafted":{"minecraft:wooden_sword":1,"minecraft:oak_planks":44,"minecraft:flint_and_steel":2,"minecraft:stone_pickaxe":1,"epicpaladins:moonlight_sword":2,"minecraft:crafting_table":1,"minecraft:wooden_pickaxe":1,"epicpaladins:moonlight_axe":1,"minecraft:bucket":1,"minecraft:stone_axe":1,"epicpaladins:moonlight_pickaxe":2,"minecraft:stick":20,"minecraft:stone_sword":1},"minecraft:custom":{"minecraft:mob_kills":55,"minecraft:interact_with_crafting_table":3,"minecraft:open_barrel":5,"minecraft:damage_dealt_resisted":657,"minecraft:leave_game":2,"minecraft:time_since_death":101327,"minecraft:climb_one_cm":836,"minecraft:damage_resisted":311,"minecraft:sprint_one_cm":592798,"minecraft:walk_one_cm":384407,"minecraft:damage_blocked_by_shield":2450,"minecraft:drop":105,"minecraft:play_time":134221,"minecraft:sneak_time":10217,"minecraft:deaths":2,"minecraft:walk_under_water_one_cm":18240,"minecraft:jump":2800,"minecraft:interact_with_brewingstand":1,"minecraft:walk_on_water_one_cm":21649,"minecraft:total_world_time":134221,"minecraft:time_since_rest":100154,"minecraft:damage_taken":3479,"minecraft:trigger_trapped_chest":4,"minecraft:damage_dealt":10761,"minecraft:swim_one_cm":31018,"minecraft:fly_one_cm":901917,"minecraft:open_chest":8,"minecraft:crouch_one_cm":36094,"tombstone:undead_killed":26,"minecraft:fall_one_cm":70430}},"DataVersion":3465}