{"stats":{"minecraft:used":{"minecraft:rotten_flesh":1,"minecraft:dirt":2,"minecraft:sweet_berries":4,"minecraft:spruce_log":1},"minecraft:killed":{"minecraft:zombie":1,"minecraft:player":4,"minecraft:zombie_villager":1},"minecraft:mined":{"minecraft:short_grass":1,"minecraft:grass_block":1,"minecraft:dirt":12,"minecraft:sweet_berry_bush":23,"minecraft:spruce_leaves":2,"minecraft:spruce_log":1,"minecraft:fern":2},"minecraft:custom":{"minecraft:time_since_rest":1062,"minecraft:crouch_one_cm":2053,"minecraft:play_time":17419,"minecraft:sprint_one_cm":45941,"minecraft:walk_one_cm":30856,"minecraft:damage_taken":2210,"minecraft:deaths":9,"minecraft:sneak_time":1072,"minecraft:walk_under_water_one_cm":2809,"minecraft:mob_kills":2,"minecraft:jump":630,"minecraft:damage_dealt":2064,"minecraft:time_since_death":1038,"minecraft:walk_on_water_one_cm":3758,"minecraft:total_world_time":17419,"minecraft:player_kills":6,"minecraft:swim_one_cm":26476,"minecraft:fly_one_cm":61998,"minecraft:fall_one_cm":14736},"minecraft:killed_by":{"minecraft:zombie":2,"minecraft:player":5,"minecraft:enderman":1},"minecraft:picked_up":{"minecraft:stick":1,"minecraft:rotten_flesh":3,"minecraft:sweet_berries":54,"minecraft:spruce_sapling":3,"minecraft:spruce_log":3,"minecraft:dirt":15}},"DataVersion":3700}