{"stats":{"minecraft:used":{"minecraft:cooked_mutton":1,"minecraft:diorite":33,"minecraft:stone_pickaxe":375,"minecraft:oak_planks":8,"minecraft:poppy":2,"minecraft:wooden_pickaxe":52,"minecraft:iron_sword":2,"minecraft:rotten_flesh":3,"minecraft:oak_door":1,"minecraft:salmon":3,"minecraft:dirt":10,"minecraft:crafting_table":10,"minecraft:spruce_log":1,"minecraft:wooden_axe":28,"minecraft:iron_axe":1,"minecraft:iron_pickaxe":29,"minecraft:gravel":10,"minecraft:stone_axe":10,"minecraft:cobblestone":152,"minecraft:sweet_berries":32,"minecraft:cooked_porkchop":1,"minecraft:furnace":2,"minecraft:porkchop":6,"minecraft:andesite":17,"minecraft:oak_boat":10,"minecraft:cobbled_deepslate":11},"minecraft:killed":{"minecraft:pig":3,"minecraft:zombie_villager":1,"minecraft:salmon":5,"minecraft:iron_golem":1,"minecraft:sheep":2,"minecraft:zombie":3,"minecraft:player":7},"minecraft:mined":{"minecraft:oak_door":1,"minecraft:crafting_table":7,"minecraft:granite":10,"minecraft:short_grass":2,"minecraft:grass_block":10,"minecraft:copper_ore":2,"minecraft:cobblestone":1,"minecraft:spruce_leaves":4,"minecraft:diorite":32,"minecraft:large_fern":5,"minecraft:coarse_dirt":1,"minecraft:furnace":1,"minecraft:cobbled_deepslate":1,"minecraft:iron_ore":5,"minecraft:sweet_berry_bush":50,"minecraft:spruce_log":8,"minecraft:andesite":17,"minecraft:deepslate_iron_ore":8,"minecraft:oak_log":25,"minecraft:coal_ore":17,"minecraft:dirt_path":1,"minecraft:gravel":10,"minecraft:dirt":29,"minecraft:stone":307,"minecraft:oak_leaves":7,"minecraft:deepslate":41,"minecraft:fern":3},"minecraft:custom":{"minecraft:interact_with_furnace":12,"minecraft:mob_kills":16,"minecraft:interact_with_crafting_table":12,"minecraft:leave_game":1,"minecraft:time_since_death":59721,"minecraft:time_since_rest":59755,"minecraft:sprint_one_cm":209311,"minecraft:damage_taken":3645,"minecraft:walk_one_cm":84502,"minecraft:drop":60,"minecraft:damage_dealt":5237,"minecraft:swim_one_cm":147429,"minecraft:fly_one_cm":261767,"minecraft:player_kills":10,"minecraft:crouch_one_cm":34251,"minecraft:play_time":93757,"minecraft:deaths":11,"minecraft:sneak_time":23901,"minecraft:walk_under_water_one_cm":11498,"minecraft:boat_one_cm":298961,"minecraft:jump":1874,"minecraft:walk_on_water_one_cm":17406,"minecraft:total_world_time":93757,"minecraft:fall_one_cm":42829},"minecraft:killed_by":{"minecraft:player":5,"minecraft:creeper":1,"minecraft:zombie":2,"minecraft:enderman":1},"minecraft:picked_up":{"minecraft:wooden_axe":1,"minecraft:crafting_table":10,"minecraft:coarse_dirt":1,"minecraft:wheat":11,"minecraft:feather":14,"minecraft:andesite":79,"minecraft:salmon":5,"minecraft:golden_leggings":1,"minecraft:wooden_pickaxe":3,"minecraft:potato":2,"minecraft:flint":10,"minecraft:birch_planks":39,"minecraft:oak_log":24,"minecraft:lily_pad":4,"minecraft:gunpowder":1,"minecraft:flint_and_steel":2,"minecraft:dirt":93,"minecraft:raw_copper":16,"minecraft:cooked_mutton":1,"minecraft:bone":5,"minecraft:wheat_seeds":62,"minecraft:cobbled_deepslate":64,"minecraft:spruce_planks":13,"minecraft:cooked_chicken":1,"minecraft:iron_ingot":5,"minecraft:stone_pickaxe":7,"minecraft:oak_boat":9,"minecraft:poppy":4,"minecraft:light_gray_wool":4,"minecraft:oak_planks":10,"minecraft:iron_sword":1,"minecraft:furnace":2,"minecraft:stick":10,"minecraft:raw_iron":16,"minecraft:oak_door":1,"minecraft:sweet_berries":119,"minecraft:gravel":10,"minecraft:porkchop":7,"minecraft:spruce_sapling":5,"minecraft:diorite":89,"minecraft:spruce_log":10,"minecraft:spruce_boat":2,"minecraft:stone_sword":2,"minecraft:arrow":4,"minecraft:stone_shovel":3,"minecraft:rotten_flesh":7,"minecraft:stone_axe":4,"minecraft:granite":24,"minecraft:mutton":7,"minecraft:black_wool":1,"minecraft:obsidian":14,"minecraft:coal":34,"minecraft:white_wool":1,"minecraft:cobblestone":922},"minecraft:crafted":{"minecraft:oak_door":3,"minecraft:oak_planks":96,"minecraft:cooked_porkchop":1,"minecraft:crafting_table":5,"minecraft:spruce_planks":28,"minecraft:wooden_pickaxe":2,"minecraft:iron_sword":1,"minecraft:furnace":1,"minecraft:stone_axe":1,"minecraft:cooked_mutton":3,"minecraft:air":0,"minecraft:oak_boat":4,"minecraft:shield":1,"minecraft:iron_axe":2,"minecraft:stick":36,"minecraft:iron_pickaxe":1,"minecraft:iron_ingot":8,"minecraft:stone_pickaxe":5,"minecraft:wooden_axe":3},"minecraft:broken":{"minecraft:stone_pickaxe":2},"minecraft:dropped":{"minecraft:stone_axe":3,"minecraft:compass":1,"minecraft:wheat_seeds":61,"minecraft:stone_sword":2,"minecraft:raw_copper":16,"minecraft:crafting_table":3,"minecraft:wheat":11,"minecraft:obsidian":1,"minecraft:cobblestone":384,"minecraft:stone_shovel":1,"minecraft:rotten_flesh":2,"minecraft:light_gray_wool":4,"minecraft:granite":24,"minecraft:flint_and_steel":1,"minecraft:stick":9,"minecraft:flint":10,"minecraft:poppy":2,"minecraft:potato":2,"minecraft:spruce_boat":2,"minecraft:diorite":56,"minecraft:andesite":62,"minecraft:wooden_axe":2,"minecraft:oak_boat":1,"minecraft:arrow":4,"minecraft:stone_pickaxe":5,"minecraft:iron_axe":1,"minecraft:wooden_pickaxe":4,"minecraft:bone":4}},"DataVersion":3700}