{"stats":{"minecraft:used":{"minecraft:sweet_berries":4,"minecraft:spruce_log":1},"minecraft:killed":{"minecraft:player":3},"minecraft:mined":{"minecraft:short_grass":1,"minecraft:sweet_berry_bush":23,"minecraft:fern":2},"minecraft:custom":{"minecraft:time_since_rest":714,"minecraft:play_time":5419,"minecraft:sprint_one_cm":25227,"minecraft:walk_one_cm":11758,"minecraft:damage_taken":781,"minecraft:deaths":3,"minecraft:sneak_time":275,"minecraft:walk_under_water_one_cm":2365,"minecraft:jump":241,"minecraft:damage_dealt":796,"minecraft:time_since_death":689,"minecraft:walk_on_water_one_cm":3592,"minecraft:total_world_time":5419,"minecraft:player_kills":3,"minecraft:swim_one_cm":25000,"minecraft:fly_one_cm":32986,"minecraft:fall_one_cm":3190},"minecraft:killed_by":{"minecraft:player":3},"minecraft:picked_up":{"minecraft:sweet_berries":54,"minecraft:spruce_log":2,"minecraft:dirt":2}},"DataVersion":3700}