{"stats":{"minecraft:used":{"minecraft:wooden_axe":2,"minecraft:iron_axe":1,"minecraft:poppy":2,"minecraft:oak_planks":8,"minecraft:iron_sword":2,"minecraft:rotten_flesh":1,"minecraft:dirt":5,"minecraft:sweet_berries":17,"minecraft:crafting_table":3,"minecraft:porkchop":3,"minecraft:oak_boat":2,"minecraft:spruce_log":1},"minecraft:killed":{"minecraft:zombie":1,"minecraft:pig":1,"minecraft:zombie_villager":1,"minecraft:iron_golem":1,"minecraft:player":4},"minecraft:custom":{"minecraft:time_since_rest":7417,"minecraft:sprint_one_cm":152780,"minecraft:damage_taken":3110,"minecraft:walk_one_cm":55516,"minecraft:mob_kills":4,"minecraft:drop":10,"minecraft:damage_dealt":3386,"minecraft:swim_one_cm":120814,"minecraft:interact_with_crafting_table":3,"minecraft:fly_one_cm":175931,"minecraft:player_kills":7,"minecraft:crouch_one_cm":2650,"minecraft:play_time":41419,"minecraft:deaths":11,"minecraft:sneak_time":2318,"minecraft:walk_under_water_one_cm":5519,"minecraft:boat_one_cm":13644,"minecraft:jump":1323,"minecraft:walk_on_water_one_cm":12294,"minecraft:time_since_death":7383,"minecraft:total_world_time":41419,"minecraft:fall_one_cm":33212},"minecraft:mined":{"minecraft:large_fern":4,"minecraft:coarse_dirt":1,"minecraft:sweet_berry_bush":47,"minecraft:spruce_log":8,"minecraft:crafting_table":2,"minecraft:short_grass":2,"minecraft:grass_block":3,"minecraft:oak_log":11,"minecraft:dirt_path":1,"minecraft:dirt":15,"minecraft:spruce_leaves":4,"minecraft:oak_leaves":1,"minecraft:fern":2},"minecraft:killed_by":{"minecraft:player":5,"minecraft:creeper":1,"minecraft:zombie":2,"minecraft:enderman":1},"minecraft:picked_up":{"minecraft:wooden_axe":1,"minecraft:coarse_dirt":1,"minecraft:stick":1,"minecraft:crafting_table":4,"minecraft:sweet_berries":115,"minecraft:porkchop":3,"minecraft:oak_log":11,"minecraft:spruce_sapling":3,"minecraft:spruce_log":10,"minecraft:dirt":21,"minecraft:rotten_flesh":3,"minecraft:wheat_seeds":2,"minecraft:iron_ingot":5,"minecraft:oak_boat":2,"minecraft:poppy":4,"minecraft:obsidian":13,"minecraft:iron_sword":1},"minecraft:crafted":{"minecraft:oak_boat":1,"minecraft:oak_planks":44,"minecraft:iron_axe":1,"minecraft:crafting_table":3,"minecraft:spruce_planks":28,"minecraft:stick":20,"minecraft:wooden_axe":1,"minecraft:iron_sword":1},"minecraft:dropped":{"minecraft:poppy":2,"minecraft:compass":1,"minecraft:wheat_seeds":1,"minecraft:wooden_axe":1,"minecraft:crafting_table":3,"minecraft:oak_boat":1,"minecraft:iron_axe":1}},"DataVersion":3700}