{"stats":{"minecraft:used":{"minecraft:cooked_mutton":1,"minecraft:diorite":14,"minecraft:stone_pickaxe":91,"minecraft:oak_planks":8,"minecraft:poppy":2,"minecraft:wooden_pickaxe":52,"minecraft:iron_sword":2,"minecraft:rotten_flesh":3,"minecraft:salmon":3,"minecraft:dirt":8,"minecraft:crafting_table":8,"minecraft:spruce_log":1,"minecraft:wooden_axe":28,"minecraft:iron_axe":1,"minecraft:stone_axe":3,"minecraft:cobblestone":5,"minecraft:sweet_berries":30,"minecraft:cooked_porkchop":1,"minecraft:furnace":1,"minecraft:porkchop":6,"minecraft:oak_boat":10},"minecraft:killed":{"minecraft:pig":3,"minecraft:zombie_villager":1,"minecraft:salmon":5,"minecraft:iron_golem":1,"minecraft:sheep":2,"minecraft:zombie":3,"minecraft:player":4},"minecraft:mined":{"minecraft:crafting_table":7,"minecraft:short_grass":2,"minecraft:grass_block":10,"minecraft:spruce_leaves":4,"minecraft:diorite":14,"minecraft:large_fern":5,"minecraft:coarse_dirt":1,"minecraft:furnace":1,"minecraft:iron_ore":1,"minecraft:sweet_berry_bush":50,"minecraft:spruce_log":8,"minecraft:oak_log":25,"minecraft:coal_ore":9,"minecraft:dirt_path":1,"minecraft:dirt":23,"minecraft:stone":106,"minecraft:oak_leaves":7,"minecraft:fern":3},"minecraft:custom":{"minecraft:interact_with_furnace":3,"minecraft:mob_kills":16,"minecraft:interact_with_crafting_table":8,"minecraft:leave_game":1,"minecraft:time_since_death":35721,"minecraft:time_since_rest":35755,"minecraft:sprint_one_cm":208104,"minecraft:damage_taken":3635,"minecraft:walk_one_cm":80774,"minecraft:drop":10,"minecraft:damage_dealt":4725,"minecraft:swim_one_cm":147429,"minecraft:fly_one_cm":261647,"minecraft:player_kills":7,"minecraft:crouch_one_cm":11282,"minecraft:play_time":69757,"minecraft:deaths":11,"minecraft:sneak_time":5651,"minecraft:walk_under_water_one_cm":11498,"minecraft:boat_one_cm":298961,"minecraft:jump":1793,"minecraft:walk_on_water_one_cm":17406,"minecraft:total_world_time":69757,"minecraft:fall_one_cm":42285},"minecraft:killed_by":{"minecraft:player":5,"minecraft:creeper":1,"minecraft:zombie":2,"minecraft:enderman":1},"minecraft:picked_up":{"minecraft:wooden_axe":1,"minecraft:crafting_table":9,"minecraft:coarse_dirt":1,"minecraft:salmon":5,"minecraft:oak_log":24,"minecraft:lily_pad":4,"minecraft:gunpowder":1,"minecraft:dirt":36,"minecraft:cooked_mutton":1,"minecraft:bone":1,"minecraft:wheat_seeds":2,"minecraft:iron_ingot":5,"minecraft:oak_boat":9,"minecraft:poppy":4,"minecraft:iron_sword":1,"minecraft:furnace":1,"minecraft:stick":3,"minecraft:raw_iron":1,"minecraft:sweet_berries":119,"minecraft:porkchop":7,"minecraft:spruce_sapling":3,"minecraft:diorite":14,"minecraft:spruce_log":10,"minecraft:rotten_flesh":5,"minecraft:mutton":7,"minecraft:black_wool":1,"minecraft:obsidian":13,"minecraft:coal":12,"minecraft:white_wool":1,"minecraft:cobblestone":105},"minecraft:crafted":{"minecraft:oak_door":3,"minecraft:oak_planks":96,"minecraft:cooked_porkchop":1,"minecraft:crafting_table":5,"minecraft:spruce_planks":28,"minecraft:wooden_pickaxe":2,"minecraft:iron_sword":1,"minecraft:furnace":1,"minecraft:stone_axe":1,"minecraft:air":0,"minecraft:oak_boat":4,"minecraft:iron_axe":1,"minecraft:stick":28,"minecraft:stone_pickaxe":2,"minecraft:wooden_axe":3},"minecraft:dropped":{"minecraft:compass":1,"minecraft:wheat_seeds":1,"minecraft:crafting_table":3,"minecraft:poppy":2,"minecraft:wooden_axe":1,"minecraft:oak_boat":1,"minecraft:iron_axe":1}},"DataVersion":3700}