{"stats":{"minecraft:killed":{"minecraft:cave_spider":3,"irons_spellbooks:summoned_zombie":4,"born_in_chaos_v1:zombie_lumberjack":1,"born_in_chaos_v1:restless_spirit":2,"born_in_chaos_v1:skeleton_demoman":1,"irons_spellbooks:pyromancer":1,"minecraft:spider":9,"born_in_chaos_v1:skeleton_thrasher_not_despawn":1,"born_in_chaos_v1:siamese_skeletonsright":1,"born_in_chaos_v1:zombie_bruiser":1,"born_in_chaos_v1:baby_skeleton_minion":1,"born_in_chaos_v1:maggot":2,"minecraft:skeleton":6,"alexsmobs:grizzly_bear":1,"born_in_chaos_v1:bone_imp_minion":8,"born_in_chaos_v1:diamond_termite":2,"irons_spellbooks:citadel_keeper":1,"alexsmobs:mudskipper":1,"minecraft:creeper":1,"rats:rat":2,"born_in_chaos_v1:decrepit_skeleton":7,"minecraft:sheep":4,"born_in_chaos_v1:zombie_fisherman":1,"minecraft:zombie":9,"born_in_chaos_v1:bonescaller_not_despawn":1,"minecraft:stray":21,"born_in_chaos_v1:controlled_baby_skeleton":1,"minecraft:villager":1},"minecraft:picked_up":{"minecraft:iron_chestplate":1,"born_in_chaos_v1:seedof_chaos":4,"minecraft:brown_mushroom":2,"minecraft:wooden_pickaxe":1,"born_in_chaos_v1:black_argillite_brick_wall":1,"minecraft:chain":1,"epicfight:stray_pants":2,"minecraft:amethyst_block":3,"epicfight:iron_longsword":2,"minecraft:string":27,"minecraft:iron_leggings":1,"sophisticatedbackpacks:stack_upgrade_tier_4":1,"irons_spellbooks:arcane_essence":37,"minecraft:gold_nugget":262,"epicpaladins:cryorium_sword":1,"minecraft:cobbled_deepslate":5,"minecraft:calcite":3,"minecraft:iron_pickaxe":1,"minecraft:chest":1,"sophisticatedbackpacks:netherite_backpack":1,"minecraft:birch_sapling":1,"minecraft:iron_boots":1,"minecraft:tipped_arrow":8,"minecraft:stick":3,"minecraft:raw_iron":27,"minecraft:sandstone":20,"born_in_chaos_v1:shattered_skull":1,"minecraft:oak_door":2,"sophisticatedbackpacks:crafting_upgrade":1,"tombstone:grave_dust":12,"born_in_chaos_v1:pieceofdarkmetal":1,"irons_spellbooks:fire_rune":1,"epicpaladins:cryorium_gem":11,"minecraft:arrow":27,"iceandfire:cyclops_eye":1,"minecraft:rotten_flesh":3,"minecraft:cooked_cod":4,"minecraft:jungle_stairs":1,"minecraft:cut_copper":2,"minecraft:iron_block":1,"epicfight:stray_robe":1,"minecraft:mutton":12,"alexsmobs:flying_fish":1,"minecraft:white_wool":18,"minecraft:cobblestone":75,"born_in_chaos_v1:fused_bone":4,"minecraft:birch_log":4,"farmersdelight:rice":1,"born_in_chaos_v1:monster_flesh":4,"minecraft:andesite":5,"minecraft:leather":5,"minecraft:potato":2,"paraglider:spirit_orb":2,"rats:raw_rat":1,"minecraft:lapis_lazuli":44,"minecraft:dirt":8,"epicpaladins:cryorium_pickaxe":1,"tombstone:gift":1,"minecraft:cooked_mutton":4,"epicpaladins:bloodstone_axe":1,"minecraft:bone":44,"minecraft:apple":4,"minecraft:stone_bricks":2,"minecraft:bell":1,"minecraft:iron_ingot":2,"minecraft:stone_pickaxe":2,"minecraft:moss_block":1,"sophisticatedbackpacks:smelting_upgrade":1,"irons_spellbooks:cinder_essence":1,"minecraft:book":6,"minecraft:smooth_basalt":2,"irons_spellbooks:frozen_bone":71,"minecraft:cooked_porkchop":33,"minecraft:stone_brick_slab":1,"born_in_chaos_v1:ethereal_spirit":4,"minecraft:sand":25,"minecraft:spider_eye":5,"minecraft:bundle":2,"minecraft:diamond":1,"minecraft:stone_axe":1,"waystones:waystone":2,"minecraft:iron_helmet":1,"minecraft:granite":3,"tombstone:magic_scroll":1,"irons_spellbooks:uncommon_ink":1,"minecraft:netherrack":23,"minecraft:coal":15,"iceandfire:raw_silver":3},"minecraft:dropped":{"minecraft:iron_ingot":54,"minecraft:brown_mushroom":2,"minecraft:ender_pearl":3,"minecraft:diamond":2,"minecraft:cobblestone":15,"minecraft:book":1,"minecraft:leather":5,"minecraft:amethyst_block":3,"minecraft:granite":2,"epicfight:iron_longsword":1,"tombstone:grave_key":2,"alexsmobs:flying_fish":1,"tombstone:grave_dust":6,"minecraft:cut_copper":1,"minecraft:sand":1,"minecraft:iron_pickaxe":1,"minecraft:string":21,"rats:raw_rat":1,"minecraft:smooth_basalt":2,"minecraft:stone_axe":1,"minecraft:birch_sapling":1,"minecraft:rotten_flesh":3,"minecraft:golden_shovel":1,"minecraft:tipped_arrow":1,"minecraft:shield":1,"born_in_chaos_v1:seedof_chaos":4,"minecraft:andesite":1,"minecraft:chest":1,"minecraft:spider_eye":4,"minecraft:sandstone":4,"minecraft:stone_pickaxe":1,"minecraft:calcite":3,"minecraft:netherrack":1},"minecraft:broken":{"epicfight:stray_pants":1,"minecraft:stone_sword":1,"minecraft:stone_pickaxe":1,"epicfight:stray_robe":1},"minecraft:used":{"minecraft:stone_sword":134,"epicfight:stray_pants":32,"epicpaladins:cryorium_pickaxe":92,"minecraft:iron_sword":80,"minecraft:netherrack":22,"minecraft:oak_door":2,"minecraft:dirt":8,"minecraft:cut_copper":2,"epicpaladins:bloodstone_axe":2,"minecraft:granite":1,"minecraft:iron_axe":28,"minecraft:cooked_cod":68,"tombstone:gift":3,"minecraft:cobbled_deepslate":5,"epicpaladins:cryorium_sword":92,"minecraft:cooked_mutton":28,"minecraft:birch_planks":10,"minecraft:stone_pickaxe":131,"minecraft:baked_potato":7,"minecraft:wooden_pickaxe":5,"minecraft:sandstone":16,"epicfight:iron_longsword":7,"minecraft:sand":24,"tombstone:scroll_of_feather_fall":2,"minecraft:apple":9,"minecraft:bread":2,"minecraft:iron_pickaxe":22,"minecraft:stone_axe":52,"minecraft:cobblestone":55,"minecraft:cooked_porkchop":30,"minecraft:andesite":4},"minecraft:mined":{"minecraft:tuff":1,"iceandfire:silver_ore":3,"minecraft:deepslate_diamond_ore":1,"minecraft:oak_door":3,"epicpaladins:cryorium_ore":4,"minecraft:granite":3,"minecraft:grass_block":5,"born_in_chaos_v1:black_argillite_brick_wall":1,"minecraft:sandstone":19,"minecraft:spawner":1,"epicpaladins:deepslate_arclight_ore":1,"minecraft:tall_seagrass":1,"farmersdelight:wild_rice":1,"minecraft:iron_ore":25,"minecraft:andesite":8,"minecraft:deepslate_lapis_ore":2,"minecraft:bell":1,"minecraft:bookshelf":2,"minecraft:deepslate_iron_ore":1,"iceandfire:gold_pile":30,"minecraft:cut_copper":2,"minecraft:stone":63,"minecraft:iron_block":1,"minecraft:stone_brick_slab":1,"minecraft:oak_fence":2,"minecraft:jungle_stairs":1,"minecraft:calcite":2,"minecraft:chest":1,"minecraft:cobblestone":1,"minecraft:tall_grass":2,"minecraft:lapis_ore":5,"minecraft:amethyst_block":3,"minecraft:chain":2,"minecraft:birch_log":8,"epicpaladins:deepslate_cryorium_ore":7,"minecraft:grass":5,"minecraft:coal_ore":5,"minecraft:sand":27,"minecraft:dirt":4,"minecraft:cobweb":1,"minecraft:smooth_basalt":2,"minecraft:stone_bricks":2,"minecraft:netherrack":25,"minecraft:deepslate":12},"minecraft:killed_by":{"minecraft:player":1},"minecraft:crafted":{"minecraft:stick":4,"minecraft:iron_ingot":9,"minecraft:stone_sword":1,"epicfight:stray_pants":1},"minecraft:custom":{"minecraft:mob_kills":100,"minecraft:open_barrel":20,"minecraft:bell_ring":13,"minecraft:damage_dealt_resisted":934,"minecraft:eat_cake_slice":4,"minecraft:leave_game":1,"minecraft:time_since_death":158271,"minecraft:climb_one_cm":778,"minecraft:sprint_one_cm":686468,"minecraft:walk_one_cm":491064,"minecraft:drop":41,"minecraft:damage_dealt_absorbed":326,"minecraft:talked_to_villager":1,"minecraft:play_time":183597,"minecraft:sneak_time":10581,"minecraft:deaths":3,"minecraft:walk_under_water_one_cm":31200,"minecraft:jump":3094,"minecraft:walk_on_water_one_cm":43782,"minecraft:total_world_time":183597,"minecraft:time_since_rest":157854,"minecraft:waystone_activated":2,"minecraft:damage_taken":9390,"minecraft:damage_dealt":19043,"tombstone:cast_on_ally":1,"minecraft:swim_one_cm":163067,"minecraft:fly_one_cm":999730,"minecraft:player_kills":1,"minecraft:open_chest":29,"minecraft:crouch_one_cm":53984,"tombstone:undead_killed":64,"tombstone:villager_killed":1,"minecraft:fall_one_cm":62504}},"DataVersion":3465}