{"stats":{"minecraft:killed":{"minecraft:cave_spider":3,"irons_spellbooks:summoned_zombie":7,"born_in_chaos_v1:restless_spirit":2,"born_in_chaos_v1:zombie_lumberjack":1,"born_in_chaos_v1:skeleton_demoman":1,"irons_spellbooks:pyromancer":1,"minecraft:spider":12,"alexsmobs:seagull":2,"born_in_chaos_v1:skeleton_thrasher_not_despawn":1,"born_in_chaos_v1:siamese_skeletonsright":1,"born_in_chaos_v1:zombie_bruiser":1,"born_in_chaos_v1:baby_skeleton_minion":1,"born_in_chaos_v1:maggot":7,"minecraft:skeleton":6,"minecraft:husk":20,"alexsmobs:grizzly_bear":1,"born_in_chaos_v1:bone_imp_minion":8,"minecraft:zombie_villager":1,"born_in_chaos_v1:diamond_termite":2,"irons_spellbooks:citadel_keeper":1,"alexsmobs:mudskipper":1,"irons_spellbooks:necromancer":1,"minecraft:creeper":1,"rats:rat":2,"born_in_chaos_v1:decrepit_skeleton":8,"minecraft:sheep":4,"born_in_chaos_v1:zombie_fisherman":2,"born_in_chaos_v1:decaying_zombie":1,"minecraft:zombie":14,"born_in_chaos_v1:bonescaller_not_despawn":1,"minecraft:stray":21,"iceandfire:pixie":4,"born_in_chaos_v1:controlled_baby_skeleton":1,"minecraft:villager":1},"minecraft:killed_by":{"minecraft:player":1},"minecraft:mined":{"minecraft:tuff":1,"minecraft:yellow_wall_banner":1,"iceandfire:silver_ore":3,"minecraft:deepslate_diamond_ore":1,"minecraft:oak_door":3,"epicpaladins:cryorium_ore":4,"minecraft:granite":3,"born_in_chaos_v1:black_argillite_brick_wall":1,"minecraft:grass_block":6,"minecraft:sandstone":19,"minecraft:spawner":6,"epicpaladins:deepslate_arclight_ore":1,"minecraft:tall_seagrass":1,"farmersdelight:wild_rice":1,"minecraft:iron_ore":25,"minecraft:andesite":8,"minecraft:deepslate_lapis_ore":2,"minecraft:peony":1,"minecraft:bell":1,"minecraft:bookshelf":2,"iceandfire:gold_pile":30,"minecraft:deepslate_iron_ore":1,"minecraft:cut_copper":2,"minecraft:stone":63,"minecraft:white_banner":1,"minecraft:iron_block":1,"minecraft:player_head":1,"minecraft:stone_brick_slab":1,"minecraft:oak_fence":2,"minecraft:jungle_stairs":1,"minecraft:calcite":3,"minecraft:chest":1,"minecraft:tall_grass":2,"minecraft:cobblestone":1,"minecraft:lapis_ore":5,"minecraft:lily_pad":2,"minecraft:damaged_anvil":2,"minecraft:amethyst_block":3,"minecraft:seagrass":1,"minecraft:cyan_wool":1,"minecraft:chain":2,"minecraft:purple_bed":2,"minecraft:birch_log":8,"epicpaladins:deepslate_cryorium_ore":7,"minecraft:grass":5,"minecraft:coal_ore":5,"minecraft:cyan_carpet":1,"minecraft:sand":27,"minecraft:dirt":4,"minecraft:cobweb":1,"minecraft:smooth_basalt":2,"minecraft:stone_bricks":2,"minecraft:netherrack":25,"minecraft:deepslate":12},"minecraft:broken":{"epicfight:stray_pants":1,"minecraft:stone_sword":1,"minecraft:stone_pickaxe":1,"epicfight:stray_robe":1},"minecraft:crafted":{"minecraft:bucket":1,"minecraft:stick":4,"minecraft:iron_ingot":9,"minecraft:stone_sword":1,"epicfight:stray_pants":1},"minecraft:dropped":{"minecraft:iron_ingot":54,"minecraft:brown_mushroom":2,"minecraft:ender_pearl":3,"minecraft:diamond":2,"minecraft:cobblestone":15,"minecraft:book":1,"minecraft:leather":5,"minecraft:amethyst_block":3,"minecraft:granite":2,"farmersdelight:rice":1,"epicfight:iron_longsword":1,"tombstone:grave_key":2,"alexsmobs:flying_fish":1,"born_in_chaos_v1:fused_bone":2,"tombstone:grave_dust":6,"minecraft:cut_copper":1,"minecraft:iron_leggings":1,"minecraft:sand":1,"minecraft:iron_pickaxe":1,"minecraft:string":24,"rats:raw_rat":1,"minecraft:smooth_basalt":2,"minecraft:stone_axe":1,"minecraft:bowl":1,"minecraft:birch_sapling":1,"minecraft:rotten_flesh":3,"minecraft:golden_shovel":1,"minecraft:tipped_arrow":1,"minecraft:shield":1,"born_in_chaos_v1:seedof_chaos":4,"minecraft:andesite":1,"minecraft:chest":1,"minecraft:spider_eye":4,"minecraft:sandstone":4,"minecraft:stone_pickaxe":1,"minecraft:calcite":3,"minecraft:netherrack":1},"minecraft:picked_up":{"irons_spellbooks:scroll":1,"minecraft:iron_chestplate":1,"born_in_chaos_v1:diamond_termite_shard":3,"minecraft:rabbit_stew":1,"born_in_chaos_v1:seedof_chaos":14,"minecraft:brown_mushroom":2,"minecraft:wooden_pickaxe":1,"born_in_chaos_v1:black_argillite_brick_wall":2,"minecraft:cooked_rabbit":1,"minecraft:chain":1,"minecraft:amethyst_block":3,"epicfight:stray_pants":2,"epicfight:iron_longsword":2,"minecraft:string":30,"minecraft:cooked_salmon":1,"minecraft:iron_leggings":2,"sophisticatedbackpacks:stack_upgrade_tier_4":1,"epicpaladins:bloodstone_gem":6,"minecraft:cyan_carpet":1,"irons_spellbooks:arcane_essence":40,"minecraft:gold_nugget":262,"epicpaladins:cryorium_sword":1,"minecraft:cobbled_deepslate":5,"bosses_of_mass_destruction:soul_star":1,"born_in_chaos_v1:gnawed_bones":1,"minecraft:player_head":2,"minecraft:calcite":4,"minecraft:iron_pickaxe":1,"sophisticatedbackpacks:netherite_backpack":1,"minecraft:sugar_cane":2,"minecraft:chest":1,"minecraft:birch_sapling":1,"minecraft:iron_boots":1,"minecraft:tipped_arrow":8,"iceandfire:pixie_dust":8,"minecraft:raw_iron":27,"minecraft:stick":3,"minecraft:sandstone":20,"born_in_chaos_v1:shattered_skull":5,"explorerscompass:explorerscompass":1,"minecraft:oak_door":2,"epicpaladins:arclight_gem":14,"sophisticatedbackpacks:crafting_upgrade":1,"minecraft:bowl":1,"epicfight:skillbook":2,"tombstone:grave_dust":12,"born_in_chaos_v1:pieceofdarkmetal":26,"irons_spellbooks:fire_rune":1,"alexsmobs:centipede_leg":1,"minecraft:yellow_banner":1,"minecraft:arrow":27,"iceandfire:cyclops_eye":1,"epicpaladins:cryorium_gem":16,"minecraft:rotten_flesh":29,"minecraft:cooked_cod":4,"minecraft:jungle_stairs":1,"minecraft:cut_copper":2,"minecraft:iron_block":1,"irons_spellbooks:arcane_debris":1,"epicfight:stray_robe":1,"minecraft:mutton":12,"minecraft:white_wool":18,"alexsmobs:flying_fish":2,"minecraft:cobblestone":75,"born_in_chaos_v1:fused_bone":8,"minecraft:birch_log":4,"born_in_chaos_v1:corpse_maggot":17,"minecraft:feather":4,"minecraft:cooked_beef":1,"farmersdelight:rice":6,"born_in_chaos_v1:monster_flesh":10,"born_in_chaos_v1:spiritual_dust":13,"minecraft:andesite":5,"minecraft:leather":5,"minecraft:potato":2,"paraglider:spirit_orb":12,"minecraft:mushroom_stew":1,"rats:raw_rat":1,"minecraft:lapis_lazuli":44,"minecraft:dirt":9,"epicpaladins:cryorium_pickaxe":1,"minecraft:white_banner":1,"tombstone:gift":1,"minecraft:cooked_mutton":4,"irons_spellbooks:common_ink":7,"epicpaladins:bloodstone_axe":1,"minecraft:bone":44,"minecraft:apple":4,"minecraft:stone_bricks":2,"minecraft:bell":1,"minecraft:iron_ingot":2,"minecraft:stone_pickaxe":2,"minecraft:moss_block":1,"sophisticatedbackpacks:smelting_upgrade":1,"irons_spellbooks:cinder_essence":1,"rats:archeologist_hat":2,"minecraft:book":6,"minecraft:smooth_basalt":2,"irons_spellbooks:frozen_bone":138,"minecraft:cooked_porkchop":34,"minecraft:stone_brick_slab":1,"born_in_chaos_v1:ethereal_spirit":5,"born_in_chaos_v1:dark_rod":4,"minecraft:sand":25,"minecraft:spider_eye":5,"alexsmobs:animal_dictionary":1,"minecraft:bundle":2,"minecraft:diamond":1,"minecraft:stone_axe":1,"waystones:waystone":2,"minecraft:iron_helmet":1,"minecraft:granite":3,"minecraft:painting":1,"minecraft:bread":4,"minecraft:netherrack":23,"minecraft:baked_potato":1,"tombstone:magic_scroll":2,"born_in_chaos_v1:rotten_fish":2,"minecraft:damaged_anvil":2,"irons_spellbooks:uncommon_ink":1,"minecraft:coal":15,"iceandfire:raw_silver":5},"minecraft:used":{"minecraft:stone_sword":134,"epicfight:stray_pants":32,"epicpaladins:cryorium_pickaxe":101,"minecraft:iron_sword":80,"minecraft:oak_door":2,"minecraft:netherrack":22,"minecraft:dirt":9,"minecraft:cut_copper":2,"epicpaladins:bloodstone_axe":13,"minecraft:granite":1,"born_in_chaos_v1:corpse_maggot":1,"minecraft:iron_axe":28,"minecraft:cooked_cod":68,"tombstone:gift":5,"minecraft:cobbled_deepslate":5,"epicpaladins:cryorium_sword":240,"minecraft:cooked_mutton":28,"epicfight:skillbook":1,"minecraft:damaged_anvil":1,"minecraft:birch_planks":10,"minecraft:stone_pickaxe":131,"minecraft:baked_potato":8,"minecraft:wooden_pickaxe":5,"minecraft:sandstone":16,"epicfight:iron_longsword":7,"minecraft:sugar_cane":1,"minecraft:sand":24,"tombstone:scroll_of_feather_fall":2,"minecraft:mushroom_stew":3,"minecraft:apple":9,"minecraft:bread":6,"minecraft:iron_pickaxe":22,"minecraft:stone_axe":52,"minecraft:cobblestone":55,"minecraft:andesite":4,"minecraft:bucket":1,"minecraft:cooked_porkchop":37,"minecraft:pumpkin_pie":4},"minecraft:custom":{"minecraft:interact_with_anvil":3,"minecraft:mob_kills":151,"minecraft:open_barrel":28,"minecraft:bell_ring":13,"minecraft:damage_dealt_resisted":984,"minecraft:eat_cake_slice":27,"minecraft:leave_game":2,"minecraft:time_since_death":21700,"minecraft:climb_one_cm":7887,"minecraft:sprint_one_cm":832064,"minecraft:walk_one_cm":685016,"minecraft:drop":46,"minecraft:damage_dealt_absorbed":666,"minecraft:talked_to_villager":1,"minecraft:play_time":213467,"minecraft:sneak_time":10894,"minecraft:deaths":5,"minecraft:walk_under_water_one_cm":31200,"minecraft:jump":3627,"minecraft:interact_with_blast_furnace":4,"minecraft:walk_on_water_one_cm":56964,"minecraft:total_world_time":213467,"minecraft:interact_with_furnace":2,"minecraft:interact_with_loom":1,"minecraft:time_since_rest":21255,"minecraft:waystone_activated":2,"minecraft:damage_taken":11693,"minecraft:damage_dealt":31962,"tombstone:cast_on_ally":1,"minecraft:player_kills":1,"minecraft:swim_one_cm":163067,"minecraft:fly_one_cm":1170132,"minecraft:open_chest":31,"minecraft:crouch_one_cm":56047,"tombstone:undead_killed":97,"tombstone:villager_killed":1,"minecraft:fall_one_cm":68948}},"DataVersion":3465}