{"stats":{"minecraft:mined":{"minecraft:hay_block":15,"minecraft:gray_wool":3,"minecraft:grass":4,"minecraft:oak_log":6,"minecraft:chest":2,"minecraft:netherrack":4,"minecraft:oak_leaves":12},"minecraft:custom":{"minecraft:time_since_rest":30252,"minecraft:sprint_one_cm":81419,"minecraft:damage_taken":941,"minecraft:walk_one_cm":23349,"minecraft:mob_kills":4,"minecraft:damage_dealt":1046,"minecraft:interact_with_crafting_table":2,"minecraft:fly_one_cm":336764,"minecraft:open_chest":4,"minecraft:crouch_one_cm":2794,"minecraft:play_time":30252,"minecraft:sneak_time":6310,"minecraft:jump":1145,"minecraft:leave_game":1,"minecraft:time_since_death":30252,"minecraft:total_world_time":30252,"minecraft:fall_one_cm":35154},"minecraft:used":{"minecraft:bread":15,"minecraft:wooden_pickaxe":4,"minecraft:golden_leggings":1,"minecraft:netherrack":4,"minecraft:hay_block":9,"minecraft:crafting_table":2,"minecraft:porkchop":1,"minecraft:golden_shovel":6,"minecraft:gray_wool":2,"minecraft:enchanted_golden_apple":1,"minecraft:golden_axe":19},"minecraft:killed":{"minecraft:skeleton":2,"minecraft:zombie":1,"minecraft:pig":1},"minecraft:crafted":{"minecraft:oak_planks":16,"minecraft:crafting_table":2,"minecraft:stick":4,"minecraft:wooden_pickaxe":1,"minecraft:bread":15,"minecraft:wheat":45},"minecraft:picked_up":{"minecraft:book":5,"minecraft:sculk_catalyst":2,"minecraft:lead":1,"minecraft:potion":1,"minecraft:enchanted_book":5,"minecraft:porkchop":3,"minecraft:diamond_horse_armor":1,"minecraft:amethyst_shard":18,"minecraft:oak_log":6,"minecraft:dirt":17,"minecraft:bone":2,"minecraft:wheat_seeds":1,"minecraft:hay_block":15,"minecraft:gray_wool":3,"minecraft:chest":2,"minecraft:coal":26,"minecraft:netherrack":4}},"DataVersion":3465}