{"stats":{"minecraft:custom":{"minecraft:jump":677,"minecraft:time_since_rest":7476,"minecraft:interact_with_furnace":1,"minecraft:damage_taken":1970,"minecraft:walk_one_cm":22629,"minecraft:crouch_one_cm":1757,"minecraft:leave_game":3,"minecraft:sprint_one_cm":134462,"minecraft:play_time":23990,"minecraft:time_since_death":7474,"minecraft:walk_on_water_one_cm":5123,"minecraft:deaths":6,"minecraft:sneak_time":715,"minecraft:total_world_time":23990,"minecraft:climb_one_cm":2866,"minecraft:walk_under_water_one_cm":30964,"minecraft:swim_one_cm":25173,"minecraft:fall_one_cm":54631,"minecraft:fly_one_cm":162549}},"DataVersion":3839}