{"stats":{"minecraft:dropped":{"minecraft:porkchop":66},"minecraft:crafted":{"minecraft:oak_planks":40,"minecraft:crafting_table":3,"minecraft:stick":8,"minecraft:wooden_pickaxe":1,"minecraft:wooden_axe":1,"minecraft:stone_sword":1,"minecraft:stone_axe":1,"minecraft:bread":21,"minecraft:wheat":63},"minecraft:mined":{"minecraft:hay_block":9,"minecraft:fire":1,"minecraft:grass":4,"minecraft:coal_ore":4,"minecraft:grass_block":5,"minecraft:oak_log":10,"minecraft:dirt":6,"minecraft:cobblestone":1,"minecraft:stone":24,"minecraft:oak_leaves":12},"minecraft:killed":{"minecraft:villager":1},"minecraft:custom":{"minecraft:time_since_rest":2851,"minecraft:sprint_one_cm":40042,"minecraft:damage_taken":1770,"minecraft:walk_one_cm":39351,"minecraft:mob_kills":2,"minecraft:drop":9,"minecraft:damage_dealt":844,"minecraft:interact_with_crafting_table":7,"minecraft:fly_one_cm":570560,"minecraft:open_chest":1,"minecraft:crouch_one_cm":1728,"minecraft:play_time":27559,"minecraft:deaths":5,"minecraft:walk_under_water_one_cm":2075,"minecraft:sneak_time":962,"minecraft:aviate_one_cm":47176,"minecraft:jump":450,"minecraft:leave_game":1,"minecraft:walk_on_water_one_cm":1162,"minecraft:time_since_death":2828,"minecraft:total_world_time":27559,"minecraft:fall_one_cm":13844},"minecraft:used":{"alexscaves:spawn_egg_trilocaris":1,"alexsmobs:spawn_egg_blue_jay":1,"alexscaves:spawn_egg_watcher":1,"alexscaves:spawn_egg_tremorsaurus":1,"alexscaves:spawn_egg_atlatitan":1,"alexscaves:ortholance":7,"alexscaves:submarine":1,"alexscaves:spawn_egg_tremorzilla":1,"alexscaves:sea_staff":147,"alexsmobs:spawn_egg_alligator_snapping_turtle":1,"alexsmobs:spawn_egg_grizzly_bear":1,"minecraft:bread":4,"alexscaves:extinction_spear":18,"minecraft:oak_planks":4,"alexscaves:spawn_egg_forsaken":1,"alexscaves:remote_detonator":1,"alexscaves:depth_charge":4,"minecraft:wooden_pickaxe":42,"alexscaves:spawn_egg_vallumraptor":1,"alexscaves:spawn_egg_subterranodon":1,"minecraft:stone_axe":9,"alexsmobs:spawn_egg_bone_serpent":1,"minecraft:dirt":14,"alexsmobs:spawn_egg_rhinoceros":1,"minecraft:cobblestone":20,"alexsmobs:spawn_egg_gelada_monkey":1,"minecraft:crafting_table":3,"alexsmobs:spawn_egg_void_worm":1,"alexscaves:spawn_egg_gloomoth":1,"alexscaves:spawn_egg_nucleeper":1,"alexscaves:spawn_egg_corrodent":1,"alexscaves:spawn_egg_underzealot":1,"minecraft:egg":2,"alexscaves:nuclear_bomb":2},"minecraft:killed_by":{"alexsmobs:void_worm":2,"alexscaves:tremorzilla":1,"alexsmobs:rhinoceros":1,"alexsmobs:grizzly_bear":1},"minecraft:picked_up":{"minecraft:andesite":1,"minecraft:gravel":2,"minecraft:oak_stairs":4,"minecraft:porkchop":61,"minecraft:oak_log":12,"minecraft:dirt":31,"alexscaves:pure_darkness":10,"minecraft:rotten_flesh":2,"minecraft:hay_block":9,"minecraft:oak_sapling":2,"minecraft:coal":10,"minecraft:cobblestone":84,"minecraft:egg":2}},"DataVersion":3465}