{"stats":{"minecraft:picked_up":{"sophisticatedbackpacks:crafting_upgrade":1,"sophisticatedbackpacks:smelting_upgrade":1,"sophisticatedbackpacks:netherite_backpack":1},"minecraft:used":{"alexsmobs:animal_dictionary":2},"minecraft:custom":{"minecraft:jump":135,"minecraft:time_since_rest":14382,"minecraft:damage_dealt":165,"minecraft:damage_taken":110,"minecraft:sprint_one_cm":19576,"minecraft:play_time":14382,"minecraft:time_since_death":14382,"minecraft:walk_one_cm":13721,"minecraft:sneak_time":36,"minecraft:total_world_time":14382,"minecraft:fall_one_cm":3625,"minecraft:fly_one_cm":28228}},"DataVersion":3465}