{"stats":{"minecraft:used":{"minecraft:stone_sword":9,"minecraft:stone_pickaxe":53,"minecraft:birch_boat":1,"minecraft:spruce_planks":2,"minecraft:wooden_pickaxe":60,"minecraft:netherrack":1,"minecraft:iron_chestplate":1,"minecraft:dirt":26,"minecraft:crafting_table":8,"minecraft:carrot":3,"minecraft:spruce_boat":1,"minecraft:apple":1,"minecraft:iron_axe":12,"minecraft:bread":4,"minecraft:stone_axe":16,"minecraft:wooden_sword":23,"minecraft:cobblestone":2,"minecraft:sweet_berries":3,"minecraft:furnace":1,"minecraft:porkchop":6,"minecraft:oak_boat":6,"minecraft:experience_bottle":1},"minecraft:killed":{"minecraft:pig":4,"minecraft:skeleton":1,"minecraft:chicken":4,"minecraft:player":7,"minecraft:villager":2},"minecraft:mined":{"minecraft:crafting_table":4,"minecraft:short_grass":4,"minecraft:grass_block":8,"minecraft:cobblestone":3,"minecraft:spruce_leaves":22,"minecraft:large_fern":4,"minecraft:birch_log":5,"minecraft:iron_ore":4,"minecraft:sweet_berry_bush":3,"minecraft:spruce_log":20,"minecraft:stone_brick_stairs":1,"minecraft:oak_log":13,"minecraft:coal_ore":1,"minecraft:dirt":6,"minecraft:packed_ice":1,"minecraft:stone":75,"minecraft:netherrack":16,"minecraft:oak_leaves":16,"minecraft:fern":1},"minecraft:custom":{"minecraft:interact_with_furnace":4,"minecraft:mob_kills":11,"minecraft:interact_with_crafting_table":20,"minecraft:time_since_death":18779,"minecraft:sleep_in_bed":1,"minecraft:damage_resisted":40,"minecraft:time_since_rest":18803,"minecraft:sprint_one_cm":212449,"minecraft:damage_taken":5111,"minecraft:walk_one_cm":122291,"minecraft:drop":8,"minecraft:damage_dealt":3018,"minecraft:swim_one_cm":70105,"minecraft:fly_one_cm":372471,"minecraft:player_kills":8,"minecraft:open_chest":9,"minecraft:crouch_one_cm":12862,"minecraft:play_time":70447,"minecraft:deaths":14,"minecraft:sneak_time":5636,"minecraft:walk_under_water_one_cm":15950,"minecraft:boat_one_cm":173765,"minecraft:jump":1809,"minecraft:walk_on_water_one_cm":15538,"minecraft:total_world_time":70447,"minecraft:fall_one_cm":70572},"minecraft:killed_by":{"minecraft:player":6,"minecraft:skeleton":2,"minecraft:creeper":2,"minecraft:spider":1,"minecraft:zombie":1,"minecraft:enderman":1},"minecraft:picked_up":{"minecraft:birch_log":5,"minecraft:crafting_table":6,"minecraft:iron_chestplate":1,"minecraft:coarse_dirt":1,"minecraft:wheat":1,"minecraft:feather":6,"minecraft:chicken":4,"minecraft:wooden_pickaxe":3,"minecraft:oak_log":17,"minecraft:dirt":44,"minecraft:iron_axe":2,"minecraft:bone":2,"minecraft:apple":4,"minecraft:wheat_seeds":6,"minecraft:spruce_planks":7,"minecraft:stone_pickaxe":1,"minecraft:oak_boat":5,"minecraft:iron_sword":2,"minecraft:stick":8,"minecraft:raw_iron":4,"minecraft:sweet_berries":122,"minecraft:porkchop":7,"minecraft:spruce_sapling":3,"minecraft:carrot":3,"minecraft:spruce_log":26,"minecraft:arrow":1,"minecraft:rotten_flesh":1,"minecraft:bread":6,"minecraft:oak_sapling":1,"minecraft:netherrack":1,"minecraft:obsidian":13,"minecraft:coal":2,"minecraft:cobblestone":116},"minecraft:crafted":{"minecraft:wooden_sword":2,"minecraft:oak_planks":52,"minecraft:crafting_table":5,"minecraft:spruce_planks":84,"minecraft:birch_boat":1,"minecraft:wooden_pickaxe":4,"minecraft:cooked_chicken":2,"minecraft:furnace":1,"minecraft:birch_planks":20,"minecraft:stone_axe":2,"minecraft:air":0,"minecraft:oak_boat":1,"minecraft:shield":1,"minecraft:stick":28,"minecraft:iron_ingot":1,"minecraft:stone_pickaxe":4,"minecraft:stone_sword":2,"minecraft:spruce_boat":1},"minecraft:dropped":{"minecraft:iron_sword":1,"minecraft:obsidian":13,"minecraft:cobblestone":23,"minecraft:dirt":6,"minecraft:spruce_planks":1,"minecraft:spruce_log":4,"minecraft:wooden_pickaxe":1}},"DataVersion":3700}