{"stats":{"minecraft:used":{"minecraft:stone_pickaxe":16,"minecraft:spruce_planks":2,"minecraft:wooden_pickaxe":34,"minecraft:iron_chestplate":1,"minecraft:dirt":9,"minecraft:crafting_table":4,"minecraft:apple":1,"minecraft:iron_axe":8,"minecraft:bread":3,"minecraft:stone_axe":1,"minecraft:wooden_sword":23,"minecraft:oak_boat":3,"minecraft:experience_bottle":1},"minecraft:killed":{"minecraft:pig":1,"minecraft:skeleton":1,"minecraft:player":6,"minecraft:villager":2},"minecraft:mined":{"minecraft:crafting_table":1,"minecraft:short_grass":1,"minecraft:grass_block":7,"minecraft:cobblestone":3,"minecraft:spruce_leaves":13,"minecraft:large_fern":3,"minecraft:sweet_berry_bush":1,"minecraft:spruce_log":13,"minecraft:oak_log":11,"minecraft:dirt":5,"minecraft:packed_ice":1,"minecraft:stone":36,"minecraft:oak_leaves":11,"minecraft:fern":1},"minecraft:custom":{"minecraft:mob_kills":4,"minecraft:interact_with_crafting_table":12,"minecraft:time_since_death":6915,"minecraft:sleep_in_bed":1,"minecraft:damage_resisted":40,"minecraft:time_since_rest":6945,"minecraft:sprint_one_cm":131226,"minecraft:damage_taken":4490,"minecraft:walk_one_cm":59777,"minecraft:drop":7,"minecraft:damage_dealt":2358,"minecraft:swim_one_cm":60313,"minecraft:fly_one_cm":205932,"minecraft:player_kills":7,"minecraft:open_chest":2,"minecraft:crouch_one_cm":8194,"minecraft:play_time":40459,"minecraft:deaths":13,"minecraft:sneak_time":3631,"minecraft:walk_under_water_one_cm":7431,"minecraft:boat_one_cm":31078,"minecraft:jump":1056,"minecraft:walk_on_water_one_cm":8581,"minecraft:total_world_time":40459,"minecraft:fall_one_cm":45826},"minecraft:killed_by":{"minecraft:player":6,"minecraft:skeleton":1,"minecraft:creeper":2,"minecraft:spider":1,"minecraft:zombie":1,"minecraft:enderman":1},"minecraft:picked_up":{"minecraft:crafting_table":3,"minecraft:coarse_dirt":1,"minecraft:iron_chestplate":1,"minecraft:wheat":1,"minecraft:wooden_pickaxe":3,"minecraft:oak_log":15,"minecraft:dirt":40,"minecraft:iron_axe":2,"minecraft:bone":2,"minecraft:apple":4,"minecraft:wheat_seeds":5,"minecraft:spruce_planks":7,"minecraft:stone_pickaxe":1,"minecraft:oak_boat":2,"minecraft:iron_sword":2,"minecraft:stick":8,"minecraft:sweet_berries":119,"minecraft:porkchop":1,"minecraft:spruce_sapling":1,"minecraft:spruce_log":19,"minecraft:rotten_flesh":1,"minecraft:arrow":1,"minecraft:bread":6,"minecraft:oak_sapling":1,"minecraft:obsidian":13,"minecraft:cobblestone":59},"minecraft:crafted":{"minecraft:wooden_sword":2,"minecraft:oak_planks":44,"minecraft:crafting_table":4,"minecraft:spruce_planks":56,"minecraft:wooden_pickaxe":3,"minecraft:stone_axe":1,"minecraft:oak_boat":1,"minecraft:shield":1,"minecraft:stick":20,"minecraft:iron_ingot":1,"minecraft:stone_pickaxe":3,"minecraft:stone_sword":1},"minecraft:dropped":{"minecraft:iron_sword":1,"minecraft:obsidian":13,"minecraft:cobblestone":10,"minecraft:dirt":6,"minecraft:spruce_planks":1,"minecraft:spruce_log":4,"minecraft:wooden_pickaxe":1}},"DataVersion":3700}