{"stats":{"minecraft:mined":{"minecraft:mangrove_roots":1,"minecraft:moss_block":46,"minecraft:hopper":1,"minecraft:large_fern":2,"minecraft:fire":3,"farmersdelight:rope":12,"minecraft:cave_vines":1,"minecraft:vine":2,"minecraft:stone":1,"minecraft:dandelion":6,"minecraft:crafting_table":1,"farmersdelight:cabbage_crate":1,"minecraft:chest":2,"farmersdelight:safety_net":17,"minecraft:tall_grass":3,"farmersdelight:skillet":1,"minecraft:grass":13,"minecraft:oak_log":2,"minecraft:gravel":6,"minecraft:oak_leaves":1,"minecraft:fern":1},"minecraft:killed_by":{"minecraft:player":1},"minecraft:custom":{"minecraft:interact_with_anvil":3,"minecraft:mob_kills":66,"minecraft:inspect_hopper":1,"minecraft:interact_with_crafting_table":45,"minecraft:leave_game":2,"minecraft:time_since_death":267,"minecraft:climb_one_cm":15439,"minecraft:sprint_one_cm":359930,"minecraft:walk_one_cm":806766,"minecraft:drop":165,"minecraft:damage_dealt_absorbed":276,"minecraft:play_time":218997,"minecraft:sneak_time":2616,"minecraft:deaths":4,"minecraft:walk_under_water_one_cm":47539,"minecraft:jump":1800,"minecraft:walk_on_water_one_cm":76484,"minecraft:total_world_time":218997,"minecraft:time_since_rest":293,"minecraft:damage_taken":15630,"minecraft:damage_absorbed":299,"minecraft:damage_dealt":16176,"minecraft:player_kills":2,"minecraft:swim_one_cm":40215,"minecraft:fly_one_cm":590023,"minecraft:open_chest":97,"minecraft:crouch_one_cm":12399,"minecraft:fall_one_cm":47483},"minecraft:used":{"farmersdelight:kelp_roll_slice":1,"minecraft:moss_block":32,"celestisynth:poltergeist":10,"minecraft:flint_and_steel":3,"born_in_chaos_v1:ethereal_spirit":6,"minecraft:chest":12,"farmersdelight:stove":1,"minecraft:hopper":2,"minecraft:carrot":3,"farmersdelight:roast_chicken":2,"farmersdelight:stuffed_pumpkin_block":1,"farmersdelight:beef_patty":1,"farmersdelight:rope":13,"wom:agony":98,"alexsmobs:maggot":1,"farmersdelight:rice_roll_medley_block":1,"farmersdelight:rotten_tomato":16,"farmersdelight:cabbage_crate":29,"epicfight:stone_greatsword":27,"farmersdelight:wheat_dough":1,"cataclysm:amethyst_crab_meat":10,"cfm:spatula":28,"farmersdelight:fried_egg":3,"farmersdelight:safety_net":23,"farmersdelight:cooking_pot":1,"minecraft:cooked_beef":31,"minecraft:egg":1,"farmersdelight:roast_chicken_block":1,"farmersdelight:cooked_rice":3,"farmersdelight:chicken_soup":1,"farmersdelight:netherite_knife":108,"farmersdelight:skillet":4,"minecraft:stone_pickaxe":2,"farmersdelight:barbecue_stick":2,"minecraft:golden_apple":9,"minecraft:glow_berries":2,"minecraft:crafting_table":4,"farmersdelight:stuffed_pumpkin":3,"iceandfire:armor_silver_metal_chestplate":5,"alexsmobs:rocky_chestplate":5,"born_in_chaos_v1:monster_flesh":1,"farmersdelight:cooked_chicken_cuts":6,"minecraft:gravel":2,"farmersdelight:cooked_bacon":1,"minecraft:wooden_sword":20,"farmersdelight:egg_sandwich":1,"minecraft:bucket":2,"alexsmobs:animal_dictionary":2,"epicfight:uchigatana":23,"minecraft:bone_meal":2},"minecraft:killed":{"born_in_chaos_v1:restless_spirit":1,"born_in_chaos_v1:zombie_lumberjack":2,"alexsmobs:tiger":1,"minecraft:spider":1,"irons_spellbooks:cryomancer":1,"irons_spellbooks:summoned_polar_bear":1,"born_in_chaos_v1:maggot":8,"born_in_chaos_v1:scarlet_persecutor":4,"cataclysm:amethyst_crab":1,"minecraft:drowned":3,"irons_spellbooks:summoned_skeleton":1,"born_in_chaos_v1:spiritof_chaos":1,"born_in_chaos_v1:fallen_chaos_knight":1,"alexsmobs:grizzly_bear":1,"minecraft:zombie_villager":1,"born_in_chaos_v1:decrepit_skeleton":2,"minecraft:zombie":9,"born_in_chaos_v1:dread_hound":2,"alexsmobs:terrapin":17,"alexsmobs:fly":2,"alexsmobs:platypus":1},"minecraft:picked_up":{"irons_spellbooks:scroll":1,"sophisticatedbackpacks:gold_backpack":2,"minecraft:crafting_table":1,"minecraft:wheat":64,"minecraft:chicken":64,"born_in_chaos_v1:seedof_chaos":1,"minecraft:brown_mushroom":64,"toolbelt:pouch":1,"farmersdelight:rice_panicle":64,"iceandfire:armor_copper_metal_chestplate":1,"farmersdelight:tomato_sauce":64,"farmersdelight:chicken_soup":1,"iceandfire:armor_silver_metal_chestplate":1,"minecraft:string":118,"irons_spellbooks:heavy_chain_necklace":1,"minecraft:flint_and_steel":2,"farmersdelight:wild_potatoes":64,"paraglider:deku_leaf":1,"farmersdelight:roast_chicken":2,"irons_spellbooks:arcane_essence":4,"farmersdelight:beef_patty":64,"farmersdelight:half_tatami_mat":64,"farmersdelight:cabbage":64,"minecraft:bucket":1,"minecraft:beef":64,"farmersdelight:straw":11,"iceandfire:armor_silver_metal_leggings":1,"farmersdelight:cod_slice":74,"irons_spellbooks:epic_ink":1,"toolbelt:belt":4,"minecraft:melon_slice":64,"farmersdelight:canvas_rug":64,"minecraft:chest":195,"farmersdelight:cabbage_seeds":128,"minecraft:egg":32,"farmersdelight:kelp_roll_slice":10,"minecraft:stick":64,"farmersdelight:red_mushroom_colony":64,"farmersdelight:potato_crate":64,"born_in_chaos_v1:shattered_skull":1,"farmersdelight:rotten_tomato":16,"farmersdelight:cabbage_crate":65,"iceandfire:armor_copper_metal_leggings":1,"minecraft:bowl":66,"farmersdelight:sweet_berry_cheesecake":64,"minecraft:porkchop":133,"born_in_chaos_v1:pileof_dark_metal":1,"minecraft:dried_kelp":64,"farmersdelight:tomato_seeds":64,"minecraft:cookie":64,"iceandfire:armor_copper_metal_boots":1,"farmersdelight:chicken_cuts":134,"minecraft:carrot":128,"farmersdelight:wild_beetroots":64,"alexsmobs:squid_grapple":2,"iceandfire:armor_silver_metal_boots":1,"farmersdelight:canvas":65,"farmersdelight:fried_egg":15,"minecraft:rotten_flesh":34,"farmersdelight:wild_cabbages":64,"farmersdelight:cooked_chicken_cuts":6,"minecraft:tropical_fish":64,"farmersdelight:tree_bark":64,"wom:netherite_staff":1,"farmersdelight:onion":65,"celestisynth:poltergeist":2,"farmersdelight:wild_onions":64,"cataclysm:amethyst_crab_meat":10,"farmersdelight:milk_bottle":32,"farmersdelight:rope":9,"minecraft:gold_ingot":145,"minecraft:mutton":129,"cfm:spatula":3,"minecraft:cobblestone":1,"minecraft:glow_berries":64,"farmersdelight:melon_juice":16,"farmersdelight:wild_carrots":64,"farmersdelight:raw_pasta":64,"minecraft:cod":128,"farmersdelight:beetroot_crate":64,"farmersdelight:brown_mushroom_colony":64,"minecraft:birch_log":2,"born_in_chaos_v1:corpse_maggot":5,"born_in_chaos_v1:monster_flesh":3,"minecraft:cooked_beef":592,"farmersdelight:rice":137,"minecraft:golden_carrot":1,"minecraft:jungle_log":1,"minecraft:salmon":64,"minecraft:leather":172,"minecraft:red_mushroom":64,"farmersdelight:safety_net":76,"minecraft:potato":64,"farmersdelight:bacon":128,"alexsmobs:bear_fur":2,"minecraft:mushroom_stew":16,"minecraft:magenta_dye":2,"minecraft:oak_log":3,"farmersdelight:cooked_bacon":71,"farmersdelight:salmon_slice":72,"farmersdelight:sandy_shrub":128,"iceandfire:armor_copper_metal_helmet":1,"farmersdelight:skillet":2,"farmersdelight:carrot_crate":64,"farmersdelight:tomato":64,"farmersdelight:chicken_sandwich":1,"born_in_chaos_v1:monster_skin":2,"minecraft:cooked_mutton":4,"minecraft:bone":6,"minecraft:apple":64,"farmersdelight:cooking_pot":1,"farmersdelight:wheat_dough":64,"farmersdelight:salmon_roll":1,"minecraft:wheat_seeds":2,"iceandfire:armor_silver_metal_helmet":1,"farmersdelight:pumpkin_slice":64,"minecraft:iron_ingot":177,"minecraft:stone_pickaxe":1,"minecraft:cooked_chicken":5,"farmersdelight:egg_sandwich":1,"minecraft:rabbit":64,"minecraft:moss_block":33,"alexsmobs:vine_lasso":8,"farmersdelight:hot_cocoa":16,"farmersdelight:full_tatami_mat":64,"farmersdelight:horse_feed":1,"wom:agony":4,"farmersdelight:basket":64,"farmersdelight:netherite_knife":3,"alexsmobs:rocky_chestplate":1,"minecraft:sweet_berries":64,"epicfight:stone_greatsword":2,"born_in_chaos_v1:ethereal_spirit":4,"minecraft:dandelion":6,"minecraft:gravel":3,"farmersdelight:wild_rice":64,"epicfight:uchigatana":1,"minecraft:spider_eye":1,"farmersdelight:cabbage_leaf":64,"alexsmobs:animal_dictionary":1,"irons_spellbooks:ice_rune":2,"minecraft:dried_kelp_block":64,"minecraft:bone_meal":17,"minecraft:golden_apple":16,"minecraft:bread":64,"farmersdelight:barbecue_stick":1,"alexsmobs:maggot":5,"minecraft:baked_potato":64,"minecraft:oak_sapling":1,"farmersdelight:stove":1,"farmersdelight:wild_tomatoes":64,"minecraft:hopper":2},"minecraft:crafted":{"minecraft:wooden_sword":1,"minecraft:oak_planks":8,"farmersdelight:mutton_wrap":1,"farmersdelight:cooked_rice":1,"toolbelt:pouch":2,"farmersdelight:cod_roll":4,"farmersdelight:roast_chicken_block":1,"farmersdelight:rope":8,"farmersdelight:steak_and_potatoes":1,"farmersdelight:rice_roll_medley_block":2,"farmersdelight:bacon_sandwich":1,"farmersdelight:stuffed_pumpkin_block":1,"farmersdelight:kelp_roll":3,"sophisticatedbackpacks:iron_backpack":1,"farmersdelight:hamburger":1,"sophisticatedbackpacks:backpack":1,"minecraft:crafting_table":3,"farmersdelight:egg_sandwich":1,"farmersdelight:chicken_sandwich":1,"sophisticatedbackpacks:gold_backpack":1,"farmersdelight:salmon_roll":6,"minecraft:birch_planks":8,"farmersdelight:wheat_dough":3,"minecraft:air":0,"farmersdelight:bacon_and_eggs":1,"farmersdelight:barbecue_stick":2,"minecraft:stick":4,"farmersdelight:stuffed_potato":1},"minecraft:dropped":{"minecraft:iron_ingot":168,"minecraft:bread":6,"farmersdelight:netherite_knife":2,"minecraft:moss_block":1,"born_in_chaos_v1:shattered_skull":1,"minecraft:cooked_beef":432,"farmersdelight:skillet":1,"minecraft:glass_bottle":1,"iceandfire:armor_copper_metal_chestplate":1,"farmersdelight:cooked_bacon":64,"minecraft:cobblestone":1,"farmersdelight:cooked_rice":2,"minecraft:leather":162,"farmersdelight:mutton_wrap":1,"farmersdelight:stuffed_potato":1,"born_in_chaos_v1:pileof_dark_metal":1,"alexsmobs:squid_grapple":2,"minecraft:golden_apple":7,"sophisticatedbackpacks:gold_backpack":3,"irons_spellbooks:scroll":1,"born_in_chaos_v1:monster_flesh":2,"farmersdelight:salmon_roll":3,"minecraft:golden_carrot":1,"born_in_chaos_v1:monster_skin":2,"iceandfire:armor_silver_metal_leggings":1,"farmersdelight:safety_net":52,"farmersdelight:carrot_crate":64,"iceandfire:armor_copper_metal_boots":1,"farmersdelight:salmon_slice":4,"farmersdelight:beetroot_crate":64,"irons_spellbooks:epic_ink":1,"iceandfire:armor_silver_metal_chestplate":1,"irons_spellbooks:arcane_essence":4,"toolbelt:pouch":3,"epicfight:stone_greatsword":2,"minecraft:bone_meal":11,"iceandfire:armor_silver_metal_helmet":1,"minecraft:string":106,"toolbelt:belt":4,"minecraft:gold_ingot":135,"minecraft:dandelion":3,"minecraft:bone":2,"minecraft:gravel":1,"wom:agony":4,"alexsmobs:maggot":4,"epicfight:uchigatana":1,"farmersdelight:cabbage_crate":36,"irons_spellbooks:ice_rune":2,"farmersdelight:kelp_roll_slice":2,"born_in_chaos_v1:ethereal_spirit":4,"farmersdelight:potato_crate":64,"farmersdelight:dumplings":2,"alexsmobs:rocky_chestplate":1,"minecraft:rotten_flesh":28,"cfm:spatula":2,"farmersdelight:straw":5,"iceandfire:armor_copper_metal_helmet":1,"farmersdelight:roast_chicken":2,"alexsmobs:bear_fur":2,"paraglider:deku_leaf":1,"irons_spellbooks:heavy_chain_necklace":2,"wom:netherite_staff":1,"iceandfire:armor_silver_metal_boots":1,"born_in_chaos_v1:seedof_chaos":1,"born_in_chaos_v1:corpse_maggot":5,"farmersdelight:chicken_soup":1,"minecraft:chest":126,"farmersdelight:rope":2,"minecraft:spider_eye":1,"celestisynth:poltergeist":2,"minecraft:magenta_dye":2,"minecraft:stone_pickaxe":1,"iceandfire:armor_copper_metal_leggings":1,"farmersdelight:basket":64}},"DataVersion":3465}