{"stats":{"minecraft:killed":{"born_in_chaos_v1:zombie_clown":1,"rats:demon_rat":2,"born_in_chaos_v1:restless_spirit":1,"born_in_chaos_v1:door_knight_not_despawn":1,"minecraft:spider":4,"minecraft:skeleton":22,"minecraft:axolotl":2,"minecraft:magma_cube":7,"minecraft:piglin":2,"alexsmobs:grizzly_bear":1,"born_in_chaos_v1:diamond_termite":3,"born_in_chaos_v1:bone_imp":4,"minecraft:creeper":1,"rats:rat":3,"alexsmobs:crimson_mosquito":5,"minecraft:sheep":1,"born_in_chaos_v1:zombie_fisherman":2,"minecraft:zombie":5,"born_in_chaos_v1:dread_hound":1,"born_in_chaos_v1:corpse_fly":1,"born_in_chaos_v1:door_knight":2,"born_in_chaos_v1:firelight":2,"minecraft:husk":11,"born_in_chaos_v1:baby_skeleton":1,"minecraft:hoglin":1,"born_in_chaos_v1:decrepit_skeleton":2,"iceandfire:ghost":4,"born_in_chaos_v1:nightmare_stalker":1},"minecraft:mined":{"minecraft:dark_oak_planks":2,"minecraft:spruce_planks":5,"minecraft:jungle_slab":1,"minecraft:obsidian":29,"minecraft:granite":3,"minecraft:spruce_trapdoor":1,"minecraft:grass_block":2,"minecraft:cracked_polished_blackstone_bricks":2,"minecraft:coal_block":3,"minecraft:red_stained_glass_pane":1,"minecraft:spawner":11,"epicpaladins:moonlight_ore":41,"minecraft:magma_block":10,"minecraft:fire":17,"minecraft:cobbled_deepslate":1,"minecraft:iron_ore":44,"born_in_chaos_v1:black_argillite_brick_stairs":1,"minecraft:iron_bars":2,"minecraft:light_gray_concrete":19,"minecraft:white_banner":1,"minecraft:player_head":1,"minecraft:spruce_slab":6,"minecraft:tripwire":4,"minecraft:blackstone":69,"minecraft:crimson_nylium":5,"minecraft:chiseled_quartz_block":2,"minecraft:jungle_stairs":2,"minecraft:blast_furnace":4,"minecraft:calcite":8,"minecraft:nether_brick_slab":2,"minecraft:cobblestone":3,"minecraft:iron_door":1,"minecraft:warped_nylium":5,"minecraft:repeater":2,"minecraft:light_gray_stained_glass":1,"epicpaladins:deepslate_cryorium_ore":4,"minecraft:warped_fungus":1,"minecraft:stone_brick_stairs":5,"minecraft:smooth_stone_slab":1,"minecraft:grass":11,"minecraft:oak_log":20,"minecraft:dirt":10,"minecraft:sand":1,"minecraft:smooth_quartz":18,"minecraft:sandstone_wall":1,"minecraft:wither_skeleton_skull":1,"minecraft:ancient_debris":1,"minecraft:netherrack":1488,"minecraft:oak_leaves":5,"epicpaladins:arclight_ore":3,"minecraft:deepslate":134,"minecraft:redstone_lamp":1,"minecraft:nether_gold_ore":155,"minecraft:dark_prismarine":4,"minecraft:tuff":26,"iceandfire:silver_ore":13,"minecraft:deepslate_diamond_ore":5,"farmersdelight:wild_carrots":3,"minecraft:orange_banner":1,"minecraft:nether_bricks":1,"minecraft:spruce_fence":1,"minecraft:crimson_roots":3,"minecraft:redstone_wire":2,"iceandfire:deepslate_silver_ore":1,"epicpaladins:deepslate_arclight_ore":20,"minecraft:hay_block":9,"minecraft:black_stained_glass_pane":2,"minecraft:andesite":12,"minecraft:gold_block":1,"minecraft:deepslate_iron_ore":6,"minecraft:vine":1,"minecraft:warped_stem":7,"minecraft:stone":247,"minecraft:redstone_block":1,"epicpaladins:deepslate_bloodstone_ore":33,"minecraft:warped_roots":2,"minecraft:rose_bush":1,"minecraft:lectern":1,"minecraft:tall_grass":4,"minecraft:copper_ore":2,"minecraft:lapis_ore":3,"minecraft:diorite":7,"minecraft:black_stained_glass":4,"epicpaladins:bloodstone_ore":4,"minecraft:black_wall_banner":1,"minecraft:birch_leaves":2,"minecraft:red_wall_banner":1,"minecraft:coal_ore":36,"minecraft:gravel":1,"minecraft:dripstone_block":1,"minecraft:cracked_stone_bricks":1,"minecraft:terracotta":1,"minecraft:stone_bricks":1},"minecraft:broken":{"minecraft:stone_pickaxe":1,"epicpaladins:moonlight_pickaxe":1},"minecraft:crafted":{"minecraft:oak_planks":48,"minecraft:iron_boots":1,"minecraft:iron_helmet":1,"epicpaladins:moonlight_pickaxe":1,"minecraft:iron_chestplate":1,"minecraft:shield":1,"minecraft:stick":12,"minecraft:gold_ingot":14,"minecraft:flint_and_steel":1,"minecraft:stone_pickaxe":2,"minecraft:nether_bricks":8,"minecraft:stone_axe":1,"iceandfire:armor_silver_metal_helmet":1,"minecraft:iron_leggings":1,"minecraft:diamond_chestplate":2},"minecraft:dropped":{"epicpaladins:moonlight_pickaxe":1,"minecraft:soul_sand":2,"minecraft:porkchop":2,"minecraft:warped_fungus":1,"minecraft:warped_roots":3,"farmersdelight:chicken_cuts":63,"minecraft:red_mushroom":2,"minecraft:flint":1,"minecraft:dirt":4,"minecraft:crimson_roots":10,"minecraft:gold_nugget":32,"minecraft:sand":1,"sophisticatedbackpacks:stack_upgrade_tier_4":2,"minecraft:white_wool":1,"minecraft:gold_ingot":118,"minecraft:bone":7,"minecraft:gravel":44,"minecraft:stone_axe":2,"minecraft:blackstone":39,"minecraft:nether_brick":5,"minecraft:pointed_dripstone":1,"minecraft:rotten_flesh":24,"minecraft:oak_planks":51,"sophisticatedbackpacks:smelting_upgrade":2,"minecraft:sandstone_wall":1,"farmersdelight:cooked_chicken_cuts":51,"born_in_chaos_v1:corpse_maggot":3,"born_in_chaos_v1:diamond_termite_shard":8,"minecraft:arrow":1,"minecraft:quartz":21,"minecraft:netherrack":3,"minecraft:water_bucket":3,"minecraft:wheat_seeds":2,"minecraft:diamond_leggings":1,"minecraft:diorite":1,"minecraft:diamond_helmet":1,"minecraft:potion":2,"sophisticatedbackpacks:crafting_upgrade":2,"minecraft:string":1,"minecraft:stone_sword":3,"minecraft:raw_copper":7,"born_in_chaos_v1:rotten_fish":1,"alexsmobs:bear_fur":1,"iceandfire:copper_sword":1,"minecraft:diamond_chestplate":1,"minecraft:spruce_trapdoor":1,"minecraft:oak_sapling":1,"minecraft:spider_eye":1,"minecraft:diamond_boots":1,"minecraft:stone_pickaxe":1},"minecraft:picked_up":{"iceandfire:copper_sword":2,"minecraft:potion":2,"rats:rat_paw":1,"minecraft:nether_brick":25,"minecraft:stone_brick_stairs":2,"minecraft:string":32,"minecraft:raw_copper":7,"epicpaladins:bloodstone_gem":37,"sophisticatedbackpacks:stack_upgrade_tier_4":2,"minecraft:gold_nugget":640,"minecraft:cobbled_deepslate":181,"minecraft:spruce_planks":4,"minecraft:calcite":8,"minecraft:iron_pickaxe":1,"minecraft:smooth_quartz":4,"sophisticatedbackpacks:netherite_backpack":1,"minecraft:coal_block":3,"epicpaladins:arclight_gem":23,"epicpaladins:moonlight_sword":1,"epicfight:skillbook":5,"minecraft:sandstone_wall":1,"minecraft:porkchop":2,"tombstone:grave_dust":13,"minecraft:pointed_dripstone":1,"minecraft:diorite":16,"born_in_chaos_v1:nightmare_claw":1,"farmersdelight:chicken_cuts":1020,"epicpaladins:moonlight_gem":42,"minecraft:stone_sword":2,"epicpaladins:cryorium_gem":4,"minecraft:rotten_flesh":30,"minecraft:obsidian":31,"minecraft:cobblestone":212,"minecraft:magma_block":10,"minecraft:magma_cream":1,"minecraft:water_bucket":2,"minecraft:iron_door":1,"minecraft:andesite":11,"minecraft:chiseled_quartz_block":1,"alexsmobs:bear_fur":1,"paraglider:spirit_orb":22,"minecraft:flint":3,"minecraft:tuff":29,"minecraft:wither_skeleton_skull":1,"rats:raw_rat":4,"minecraft:lapis_lazuli":19,"minecraft:dirt":11,"born_in_chaos_v1:monster_skin":4,"minecraft:bone":29,"minecraft:wheat_seeds":2,"minecraft:chiseled_polished_blackstone":2,"minecraft:axolotl_bucket":1,"minecraft:sand":1,"minecraft:spectral_arrow":34,"alexsmobs:animal_dictionary":1,"minecraft:dark_prismarine":4,"minecraft:light_gray_concrete":13,"born_in_chaos_v1:fire_dust":8,"minecraft:diamond":54,"minecraft:cracked_polished_blackstone_bricks":5,"minecraft:granite":3,"born_in_chaos_v1:rotten_fish":3,"minecraft:oak_sapling":2,"minecraft:netherrack":1438,"iceandfire:raw_silver":17,"minecraft:crimson_roots":10,"born_in_chaos_v1:diamond_termite_shard":8,"minecraft:splash_potion":1,"minecraft:ladder":1,"minecraft:redstone_lamp":1,"minecraft:gold_block":1,"minecraft:orange_banner":1,"alexsmobs:pigshoes":2,"born_in_chaos_v1:intoxicating_decoction":1,"minecraft:blackstone":198,"minecraft:player_head":1,"minecraft:iron_nugget":12,"minecraft:spruce_slab":5,"minecraft:lectern":1,"minecraft:spruce_trapdoor":2,"minecraft:raw_iron":50,"sophisticatedbackpacks:crafting_upgrade":2,"minecraft:fire_charge":5,"born_in_chaos_v1:pieceofdarkmetal":6,"minecraft:carrot":3,"minecraft:redstone":2,"minecraft:dark_oak_planks":2,"minecraft:arrow":23,"minecraft:cooked_cod":1,"minecraft:hay_block":9,"minecraft:gold_ingot":42,"minecraft:black_banner":1,"minecraft:mutton":1,"minecraft:white_wool":2,"born_in_chaos_v1:corpse_maggot":3,"born_in_chaos_v1:monster_flesh":4,"minecraft:leather":28,"minecraft:red_mushroom":2,"minecraft:oak_log":20,"minecraft:ancient_debris":1,"iceandfire:ectoplasm":2,"rats:rat_pelt":2,"alexsmobs:mosquito_proboscis":1,"minecraft:white_banner":1,"epicpaladins:moonlight_axe":1,"minecraft:stone_bricks":1,"minecraft:warped_stem":7,"minecraft:iron_ingot":1,"sophisticatedbackpacks:smelting_upgrade":2,"rats:archeologist_hat":2,"minecraft:soul_sand":6,"epicpaladins:moonlight_pickaxe":2,"minecraft:warped_fungus":2,"born_in_chaos_v1:ethereal_spirit":1,"minecraft:quartz":21,"minecraft:dripstone_block":1,"minecraft:gravel":100,"minecraft:red_banner":1,"minecraft:blast_furnace":4,"minecraft:nether_brick_slab":3,"minecraft:crying_obsidian":4,"minecraft:spider_eye":1,"minecraft:stone_axe":1,"minecraft:warped_roots":3,"tombstone:magic_scroll":3,"minecraft:coal":37},"minecraft:used":{"minecraft:shield":59,"minecraft:stone":8,"minecraft:cut_copper":1,"minecraft:nether_bricks":8,"minecraft:tuff":29,"minecraft:axolotl_bucket":3,"minecraft:obsidian":17,"epicpaladins:moonlight_axe":55,"minecraft:stone_brick_stairs":2,"minecraft:stone_bricks":1,"farmersdelight:chicken_cuts":11,"minecraft:redstone_lamp":1,"minecraft:magma_block":3,"minecraft:oak_sapling":1,"minecraft:cooked_cod":57,"epicpaladins:moonlight_sword":379,"epicfight:skillbook":1,"minecraft:diorite":15,"minecraft:stone_pickaxe":147,"minecraft:oak_planks":14,"minecraft:blackstone":95,"minecraft:wooden_pickaxe":8,"minecraft:chiseled_quartz_block":1,"minecraft:dripstone_block":1,"epicpaladins:moonlight_pickaxe":2381,"minecraft:light_gray_concrete":13,"farmersdelight:cooked_chicken_cuts":110,"minecraft:gravel":1,"minecraft:andesite":5,"minecraft:stone_sword":34,"minecraft:flint_and_steel":1,"minecraft:netherrack":462,"minecraft:dirt":5,"iceandfire:copper_sword":5,"minecraft:nether_brick_slab":3,"minecraft:granite":3,"tombstone:gift":4,"minecraft:cobbled_deepslate":162,"minecraft:calcite":3,"minecraft:water_bucket":1,"minecraft:iron_pickaxe":7,"minecraft:stone_axe":16,"minecraft:cobblestone":80,"minecraft:bucket":4},"minecraft:custom":{"minecraft:interact_with_crafting_table":1,"minecraft:open_barrel":33,"minecraft:leave_game":2,"minecraft:time_since_death":145412,"minecraft:sprint_one_cm":958146,"minecraft:damage_blocked_by_shield":1570,"minecraft:drop":117,"minecraft:play_noteblock":16,"minecraft:play_time":220743,"minecraft:deaths":2,"minecraft:jump":4862,"minecraft:interact_with_brewingstand":1,"minecraft:walk_on_water_one_cm":15904,"minecraft:interact_with_furnace":1,"minecraft:damage_dealt":21573,"minecraft:crouch_one_cm":177339,"tombstone:undead_killed":55,"minecraft:inspect_dispenser":4,"minecraft:mob_kills":95,"minecraft:damage_dealt_resisted":1535,"minecraft:climb_one_cm":35370,"minecraft:walk_one_cm":797649,"minecraft:damage_dealt_absorbed":72,"minecraft:sneak_time":32972,"minecraft:walk_under_water_one_cm":11090,"minecraft:interact_with_blast_furnace":5,"minecraft:total_world_time":220743,"minecraft:tune_noteblock":7,"minecraft:time_since_rest":144872,"minecraft:damage_taken":5716,"minecraft:trigger_trapped_chest":2,"minecraft:swim_one_cm":17519,"minecraft:fly_one_cm":1516416,"minecraft:open_chest":28,"minecraft:fall_one_cm":135298}},"DataVersion":3465}