{"stats":{"minecraft:used":{"minecraft:stone_sword":36,"minecraft:birch_planks":4,"minecraft:stone_pickaxe":354,"minecraft:stone_shovel":4,"minecraft:poppy":1,"minecraft:spruce_planks":7,"minecraft:wooden_pickaxe":80,"minecraft:birch_boat":6,"minecraft:brown_mushroom":1,"minecraft:cooked_chicken":3,"minecraft:netherrack":1,"minecraft:iron_chestplate":1,"minecraft:dirt":35,"minecraft:crafting_table":17,"minecraft:carrot":3,"minecraft:spruce_boat":2,"minecraft:wooden_axe":2,"minecraft:apple":1,"minecraft:chicken":1,"minecraft:iron_axe":12,"minecraft:bread":6,"minecraft:spruce_sapling":1,"minecraft:stone_axe":58,"minecraft:wooden_sword":23,"minecraft:cobblestone":55,"minecraft:beef":6,"minecraft:sweet_berries":6,"minecraft:furnace":1,"minecraft:porkchop":9,"minecraft:oak_boat":6,"minecraft:experience_bottle":1},"minecraft:killed":{"minecraft:wolf":2,"minecraft:pig":6,"minecraft:spider":1,"minecraft:skeleton":2,"minecraft:chicken":5,"minecraft:player":8,"minecraft:villager":2,"minecraft:cow":4},"minecraft:mined":{"minecraft:brown_mushroom":1,"minecraft:crafting_table":9,"minecraft:short_grass":21,"minecraft:granite":1,"minecraft:grass_block":14,"minecraft:poppy":1,"minecraft:copper_ore":1,"minecraft:tall_grass":8,"minecraft:cobblestone":29,"minecraft:spruce_leaves":35,"minecraft:sugar_cane":2,"minecraft:diorite":27,"minecraft:large_fern":13,"minecraft:purple_bed":1,"minecraft:furnace":2,"minecraft:birch_log":12,"minecraft:iron_ore":7,"minecraft:wheat":17,"minecraft:sweet_berry_bush":11,"minecraft:spruce_log":30,"minecraft:andesite":23,"minecraft:stone_brick_stairs":1,"minecraft:potatoes":1,"minecraft:coal_ore":5,"minecraft:oak_log":13,"minecraft:dirt":25,"minecraft:packed_ice":1,"minecraft:stone":298,"minecraft:netherrack":16,"minecraft:oak_leaves":16,"minecraft:fern":6},"minecraft:custom":{"minecraft:interact_with_furnace":9,"minecraft:mob_kills":22,"minecraft:interact_with_crafting_table":43,"minecraft:leave_game":1,"minecraft:time_since_death":732,"minecraft:sleep_in_bed":1,"minecraft:damage_resisted":40,"minecraft:time_since_rest":762,"minecraft:sprint_one_cm":344271,"minecraft:damage_taken":8025,"minecraft:walk_one_cm":200183,"minecraft:drop":12,"minecraft:damage_dealt":5502,"minecraft:swim_one_cm":117048,"minecraft:fly_one_cm":561855,"minecraft:player_kills":9,"minecraft:open_chest":9,"minecraft:crouch_one_cm":24602,"minecraft:play_time":119807,"minecraft:sneak_time":13473,"minecraft:deaths":23,"minecraft:walk_under_water_one_cm":28021,"minecraft:boat_one_cm":304897,"minecraft:jump":2954,"minecraft:walk_on_water_one_cm":27293,"minecraft:total_world_time":119807,"minecraft:fall_one_cm":101141},"minecraft:killed_by":{"minecraft:player":13,"minecraft:skeleton":2,"minecraft:creeper":3,"minecraft:spider":2,"minecraft:zombie":1,"minecraft:enderman":1},"minecraft:picked_up":{"minecraft:birch_log":12,"minecraft:coarse_dirt":1,"minecraft:crafting_table":12,"minecraft:iron_chestplate":1,"minecraft:wheat":9,"minecraft:feather":7,"minecraft:chicken":5,"minecraft:andesite":26,"minecraft:leather":1,"minecraft:brown_mushroom":1,"minecraft:wooden_pickaxe":4,"minecraft:potato":1,"minecraft:birch_planks":35,"minecraft:oak_log":17,"minecraft:string":4,"minecraft:dirt":70,"minecraft:raw_copper":3,"minecraft:iron_axe":2,"minecraft:flint_and_steel":1,"minecraft:bone":2,"minecraft:apple":4,"minecraft:wheat_seeds":40,"minecraft:spruce_planks":7,"minecraft:beef":6,"minecraft:stone_pickaxe":1,"minecraft:oak_boat":5,"minecraft:poppy":1,"minecraft:sugar_cane":7,"minecraft:iron_sword":2,"minecraft:oak_planks":14,"minecraft:furnace":2,"minecraft:stick":21,"minecraft:raw_iron":7,"minecraft:birch_boat":4,"minecraft:sweet_berries":139,"minecraft:porkchop":10,"minecraft:spruce_sapling":12,"minecraft:diorite":27,"minecraft:spruce_log":36,"minecraft:carrot":3,"minecraft:spider_eye":1,"minecraft:arrow":1,"minecraft:purple_bed":1,"minecraft:rotten_flesh":3,"minecraft:spruce_boat":1,"minecraft:granite":1,"minecraft:bread":6,"minecraft:oak_sapling":1,"minecraft:netherrack":1,"minecraft:obsidian":13,"minecraft:coal":41,"minecraft:cobblestone":464},"minecraft:crafted":{"minecraft:wooden_sword":2,"minecraft:oak_planks":52,"minecraft:stone_shovel":1,"minecraft:crafting_table":10,"minecraft:spruce_planks":124,"minecraft:cooked_chicken":5,"minecraft:birch_boat":3,"minecraft:wooden_pickaxe":6,"minecraft:furnace":1,"minecraft:birch_planks":48,"minecraft:stone_axe":5,"minecraft:bread":2,"minecraft:air":0,"minecraft:oak_boat":1,"minecraft:shield":1,"minecraft:stick":56,"minecraft:iron_ingot":1,"minecraft:stone_pickaxe":7,"minecraft:wooden_axe":1,"minecraft:stone_sword":4,"minecraft:spruce_boat":2},"minecraft:broken":{"minecraft:stone_pickaxe":1},"minecraft:dropped":{"minecraft:iron_sword":1,"minecraft:compass":1,"minecraft:wheat_seeds":1,"minecraft:obsidian":13,"minecraft:cobblestone":23,"minecraft:rotten_flesh":2,"minecraft:dirt":6,"minecraft:spruce_planks":1,"minecraft:spruce_log":4,"minecraft:wooden_pickaxe":2}},"DataVersion":3700}