{"stats":{"minecraft:custom":{"minecraft:mob_kills":30,"minecraft:interact_with_crafting_table":16,"minecraft:open_barrel":3,"minecraft:bell_ring":16,"minecraft:leave_game":2,"minecraft:time_since_death":28110,"minecraft:climb_one_cm":726,"minecraft:sprint_one_cm":278870,"minecraft:walk_one_cm":166598,"minecraft:drop":177,"minecraft:play_time":136105,"minecraft:deaths":9,"minecraft:sneak_time":16889,"minecraft:walk_under_water_one_cm":28779,"minecraft:jump":2908,"minecraft:walk_on_water_one_cm":26872,"minecraft:total_world_time":136105,"minecraft:interact_with_furnace":9,"minecraft:sleep_in_bed":1,"minecraft:time_since_rest":28137,"minecraft:damage_taken":3942,"minecraft:damage_dealt":6081,"minecraft:fly_one_cm":510567,"minecraft:swim_one_cm":68743,"minecraft:player_kills":1,"minecraft:open_chest":5,"minecraft:crouch_one_cm":38836,"minecraft:fall_one_cm":83436},"minecraft:used":{"minecraft:moss_carpet":3,"minecraft:stone_sword":47,"minecraft:red_sand":9,"minecraft:spruce_slab":1,"minecraft:iron_sword":36,"minecraft:rotten_flesh":2,"minecraft:iron_chestplate":1,"minecraft:torch":6,"minecraft:dirt":79,"minecraft:tuff":4,"minecraft:iron_axe":15,"naturalist:duck":2,"minecraft:hay_block":2,"minecraft:acacia_planks":1,"minecraft:cobbled_deepslate":115,"minecraft:leather_leggings":1,"minecraft:stone_pickaxe":74,"minecraft:oak_planks":32,"minecraft:wooden_pickaxe":21,"minecraft:sand":10,"minecraft:terracotta":20,"minecraft:crafting_table":4,"minecraft:light_gray_terracotta":2,"quark:red_corundum_pane":10,"quark:hollow_acacia_log":2,"minecraft:white_bed":6,"quark:red_corundum_cluster":6,"minecraft:bread":38,"quark:pickarang":985,"minecraft:iron_pickaxe":238,"quark:jasper":2,"minecraft:stone_axe":29,"minecraft:cobblestone":387,"minecraft:porkchop":1,"minecraft:andesite":31},"minecraft:dropped":{"quark:pickarang":1,"minecraft:bread":217,"minecraft:iron_sword":1,"minecraft:porkchop":2,"minecraft:wheat_seeds":37,"minecraft:glow_ink_sac":28,"minecraft:crafting_table":1,"minecraft:cobblestone":25,"minecraft:feather":3,"minecraft:glow_berries":4,"quark:white_corundum":2,"minecraft:granite":13,"minecraft:rail":16,"minecraft:leather_helmet":1,"minecraft:stick":10,"minecraft:dirt":1,"minecraft:diorite":34,"minecraft:torch":35,"minecraft:wooden_axe":2,"minecraft:rabbit":1,"minecraft:iron_pickaxe":1,"quark:jasper":1,"minecraft:acacia_door":3,"minecraft:string":3,"minecraft:acacia_planks":3,"minecraft:redstone":10,"minecraft:bone":5,"minecraft:oak_door":2,"quark:seed_pouch":1,"naturalist:duck_egg":2,"minecraft:moss_carpet":12,"minecraft:stone_axe":3,"quark:chute":2,"minecraft:detector_rail":3,"minecraft:stone_sword":1,"minecraft:cobbled_deepslate":20,"minecraft:raw_copper":6,"minecraft:light_gray_terracotta":11,"minecraft:wheat":3,"minecraft:rotten_flesh":26,"minecraft:oak_planks":7,"minecraft:name_tag":1,"minecraft:white_terracotta":6,"minecraft:white_bed":1,"quark:red_corundum_pane":16,"minecraft:carrot":1,"minecraft:pumpkin_seeds":2,"quark:hollow_acacia_log":3,"minecraft:poppy":10,"minecraft:leather_chestplate":3,"minecraft:iron_chestplate":1,"minecraft:andesite":16,"minecraft:melon_seeds":1,"minecraft:leather_leggings":2,"minecraft:spider_eye":5,"minecraft:arrow":7,"minecraft:bow":2,"minecraft:red_sand":4,"minecraft:wooden_pickaxe":5,"minecraft:stone_pickaxe":3,"minecraft:acacia_fence":6},"minecraft:picked_up":{"minecraft:wooden_axe":1,"minecraft:iron_chestplate":2,"minecraft:crafting_table":5,"quark:white_corundum_cluster":1,"minecraft:chest_minecart":2,"minecraft:leather_leggings":3,"minecraft:wooden_pickaxe":9,"minecraft:iron_axe":1,"minecraft:raw_copper":26,"minecraft:string":28,"minecraft:moss_carpet":16,"minecraft:acacia_door":3,"quark:chute":2,"minecraft:red_sand":18,"minecraft:detector_rail":3,"minecraft:cobbled_deepslate":160,"minecraft:spruce_slab":1,"minecraft:iron_pickaxe":2,"minecraft:poppy":14,"minecraft:sugar_cane":2,"minecraft:stick":31,"minecraft:raw_iron":122,"naturalist:duck":2,"minecraft:acacia_fence":6,"minecraft:oak_door":4,"minecraft:torch":51,"minecraft:acacia_log":1,"minecraft:porkchop":5,"quark:seed_pouch":1,"minecraft:diorite":34,"minecraft:carrot":1,"minecraft:redstone":54,"minecraft:stone_sword":2,"minecraft:arrow":20,"minecraft:rotten_flesh":30,"minecraft:hay_block":36,"minecraft:white_terracotta":6,"minecraft:glow_berries":4,"minecraft:rail":8,"minecraft:cobblestone":732,"minecraft:leather_chestplate":5,"minecraft:feather":3,"minecraft:glow_ink_sac":28,"quark:white_corundum":2,"minecraft:andesite":68,"quark:hollow_acacia_log":12,"minecraft:flint":2,"minecraft:tuff":4,"minecraft:oak_log":5,"minecraft:dirt":135,"quark:red_corundum_pane":10,"minecraft:name_tag":2,"minecraft:orange_terracotta":1,"minecraft:bone":23,"minecraft:acacia_planks":7,"minecraft:bow":6,"minecraft:wheat_seeds":45,"minecraft:raw_gold":56,"minecraft:stone_pickaxe":6,"minecraft:iron_ingot":29,"quark:pickarang":5,"minecraft:rabbit":1,"minecraft:iron_sword":2,"minecraft:oak_planks":80,"quark:red_corundum_cluster":110,"minecraft:sand":10,"minecraft:white_bed":8,"naturalist:duck_egg":2,"quark:red_corundum":46,"minecraft:spider_eye":7,"minecraft:leather_helmet":3,"quark:jasper":3,"minecraft:light_gray_terracotta":13,"minecraft:pumpkin_seeds":2,"minecraft:stone_axe":1,"minecraft:granite":13,"minecraft:bread":538,"minecraft:terracotta":20,"minecraft:melon_seeds":1,"minecraft:coal":120},"minecraft:killed":{"minecraft:cave_spider":3,"naturalist:tortoise":2,"naturalist:duck":2,"minecraft:skeleton":5,"minecraft:drowned":1,"minecraft:husk":3,"minecraft:pig":2,"minecraft:iron_golem":1,"minecraft:creeper":1,"minecraft:zombie":6,"naturalist:lizard":1,"naturalist:sparrow":1},"minecraft:killed_by":{"minecraft:husk":1,"naturalist:rattlesnake":1,"minecraft:creeper":2,"minecraft:iron_golem":1},"minecraft:crafted":{"quark:red_corundum_pane":16,"minecraft:oak_planks":16,"minecraft:iron_axe":1,"minecraft:stone_pickaxe":2,"minecraft:stone_hoe":1,"minecraft:wheat":306,"minecraft:crafting_table":2,"minecraft:wooden_pickaxe":1,"minecraft:iron_sword":1,"minecraft:stone_axe":3,"minecraft:bread":101,"minecraft:air":0,"minecraft:white_wool":6,"minecraft:iron_chestplate":1,"minecraft:stick":24,"minecraft:iron_ingot":33,"minecraft:iron_pickaxe":1,"minecraft:wooden_axe":1,"minecraft:stone_sword":2,"minecraft:white_bed":2,"minecraft:acacia_planks":4},"minecraft:mined":{"quark:red_corundum":13,"minecraft:tuff":5,"minecraft:white_bed":5,"minecraft:granite":8,"minecraft:red_sand":10,"minecraft:grass_block":3,"quark:white_corundum":2,"quark:jasper":1,"minecraft:spawner":2,"minecraft:hay_block":36,"minecraft:cobbled_deepslate":10,"minecraft:iron_ore":34,"minecraft:andesite":53,"minecraft:moss_carpet":5,"minecraft:deepslate_iron_ore":37,"minecraft:stone":307,"minecraft:spruce_slab":1,"quark:red_corundum_cluster":12,"quark:red_corundum_pane":10,"quark:hollow_acacia_log":3,"minecraft:deepslate_redstone_ore":4,"minecraft:glass_pane":1,"minecraft:crafting_table":2,"minecraft:light_gray_terracotta":24,"minecraft:dead_bush":9,"minecraft:copper_ore":4,"minecraft:cobblestone":12,"minecraft:deepslate_gold_ore":1,"minecraft:oak_planks":45,"minecraft:diorite":7,"minecraft:white_terracotta":9,"minecraft:wheat":6,"minecraft:grass":42,"minecraft:coal_ore":31,"minecraft:oak_log":1,"minecraft:gravel":1,"minecraft:sand":16,"minecraft:dirt":9,"minecraft:cobweb":24,"minecraft:terracotta":20,"minecraft:gold_ore":27,"minecraft:deepslate":133,"minecraft:fern":1}},"DataVersion":3465}