{"stats":{"minecraft:used":{"minecraft:stone_sword":36,"minecraft:stone_shovel":4,"minecraft:poppy":1,"minecraft:spruce_planks":7,"minecraft:iron_sword":15,"minecraft:cooked_chicken":3,"minecraft:netherrack":1,"minecraft:iron_chestplate":1,"minecraft:dirt":69,"minecraft:carrot":3,"minecraft:spruce_boat":2,"minecraft:red_shulker_box":1,"minecraft:wooden_axe":2,"minecraft:lava_bucket":4,"minecraft:iron_axe":20,"minecraft:bow":16,"minecraft:beef":6,"minecraft:sweet_berries":6,"minecraft:furnace":1,"minecraft:cooked_beef":6,"minecraft:water_bucket":39,"minecraft:birch_planks":4,"minecraft:stone_pickaxe":354,"minecraft:ender_pearl":16,"minecraft:birch_boat":6,"minecraft:wooden_pickaxe":80,"minecraft:brown_mushroom":1,"minecraft:crafting_table":17,"minecraft:crossbow":2,"minecraft:apple":1,"minecraft:chicken":1,"minecraft:bread":6,"minecraft:iron_pickaxe":8,"minecraft:spruce_sapling":1,"minecraft:stone_axe":58,"minecraft:wooden_sword":23,"minecraft:cobblestone":257,"minecraft:porkchop":9,"minecraft:bucket":43,"minecraft:oak_boat":8,"minecraft:cobweb":20,"minecraft:experience_bottle":1},"minecraft:killed":{"minecraft:spider":1,"minecraft:skeleton":2,"minecraft:chicken":5,"minecraft:wolf":2,"minecraft:pig":6,"minecraft:player":10,"minecraft:villager":2,"minecraft:enderman":1,"minecraft:cow":4},"minecraft:mined":{"minecraft:granite":1,"minecraft:grass_block":14,"minecraft:spruce_leaves":35,"minecraft:large_fern":13,"minecraft:furnace":2,"minecraft:iron_ore":7,"minecraft:andesite":23,"minecraft:potatoes":1,"minecraft:packed_ice":1,"minecraft:stone":298,"minecraft:brown_mushroom":1,"minecraft:crafting_table":9,"minecraft:short_grass":22,"minecraft:poppy":1,"minecraft:tall_grass":8,"minecraft:copper_ore":1,"minecraft:cobblestone":37,"minecraft:sugar_cane":2,"minecraft:diorite":27,"minecraft:purple_bed":1,"minecraft:birch_log":12,"minecraft:wheat":17,"minecraft:sweet_berry_bush":11,"minecraft:spruce_log":35,"minecraft:stone_brick_stairs":1,"minecraft:oak_log":13,"minecraft:coal_ore":5,"minecraft:dirt":25,"minecraft:cobweb":1,"minecraft:netherrack":16,"minecraft:oak_leaves":16,"minecraft:fern":7},"minecraft:custom":{"minecraft:mob_kills":23,"minecraft:interact_with_crafting_table":43,"minecraft:open_shulker_box":8,"minecraft:leave_game":1,"minecraft:time_since_death":19381,"minecraft:damage_resisted":877,"minecraft:sprint_one_cm":385771,"minecraft:walk_one_cm":240796,"minecraft:drop":14,"minecraft:play_time":143807,"minecraft:deaths":26,"minecraft:sneak_time":14365,"minecraft:walk_under_water_one_cm":37203,"minecraft:boat_one_cm":322862,"minecraft:jump":3401,"minecraft:walk_on_water_one_cm":39922,"minecraft:total_world_time":143807,"minecraft:interact_with_furnace":9,"minecraft:sleep_in_bed":1,"minecraft:time_since_rest":19405,"minecraft:damage_taken":9836,"minecraft:damage_dealt":6813,"minecraft:swim_one_cm":176610,"minecraft:fly_one_cm":618808,"minecraft:player_kills":11,"minecraft:open_chest":9,"minecraft:crouch_one_cm":26907,"minecraft:fall_one_cm":119556},"minecraft:killed_by":{"minecraft:player":14,"minecraft:creeper":4,"minecraft:spider":2,"minecraft:enderman":1,"minecraft:skeleton":2,"minecraft:zombie":2},"minecraft:picked_up":{"minecraft:iron_chestplate":1,"minecraft:crafting_table":12,"minecraft:coarse_dirt":1,"minecraft:wheat":9,"minecraft:chicken":5,"minecraft:brown_mushroom":1,"minecraft:wooden_pickaxe":4,"minecraft:string":5,"minecraft:raw_copper":3,"minecraft:iron_axe":2,"minecraft:flint_and_steel":1,"minecraft:spruce_planks":7,"minecraft:beef":6,"minecraft:oak_boat":7,"minecraft:poppy":1,"minecraft:sugar_cane":7,"minecraft:furnace":2,"minecraft:raw_iron":7,"minecraft:stick":21,"minecraft:porkchop":10,"minecraft:diorite":27,"minecraft:carrot":3,"minecraft:arrow":1,"minecraft:red_shulker_box":2,"minecraft:rotten_flesh":3,"minecraft:obsidian":13,"minecraft:cobblestone":475,"minecraft:birch_log":12,"minecraft:feather":7,"minecraft:andesite":26,"minecraft:leather":1,"minecraft:potato":1,"minecraft:birch_planks":35,"minecraft:oak_log":17,"minecraft:dirt":104,"minecraft:bone":2,"minecraft:apple":4,"minecraft:wheat_seeds":40,"minecraft:stone_pickaxe":1,"minecraft:oak_planks":14,"minecraft:iron_sword":2,"minecraft:birch_boat":4,"minecraft:sweet_berries":139,"minecraft:spruce_sapling":12,"minecraft:spruce_log":42,"minecraft:spider_eye":1,"minecraft:purple_bed":1,"minecraft:spruce_boat":1,"minecraft:crossbow":1,"minecraft:granite":1,"minecraft:bread":6,"minecraft:oak_sapling":1,"minecraft:netherrack":1,"minecraft:coal":41},"minecraft:broken":{"minecraft:stone_pickaxe":1},"minecraft:crafted":{"minecraft:wooden_sword":2,"minecraft:oak_planks":52,"minecraft:stone_shovel":1,"minecraft:birch_boat":3,"minecraft:cooked_chicken":5,"minecraft:furnace":1,"minecraft:stone_pickaxe":7,"minecraft:spruce_boat":2,"minecraft:crafting_table":10,"minecraft:spruce_planks":124,"minecraft:wooden_pickaxe":6,"minecraft:birch_planks":48,"minecraft:stone_axe":5,"minecraft:bread":2,"minecraft:air":0,"minecraft:oak_boat":1,"minecraft:shield":1,"minecraft:stick":56,"minecraft:iron_ingot":1,"minecraft:wooden_axe":1,"minecraft:stone_sword":4},"minecraft:dropped":{"minecraft:iron_sword":1,"minecraft:wheat_seeds":1,"minecraft:cobblestone":23,"minecraft:dirt":6,"minecraft:red_shulker_box":1,"minecraft:compass":2,"minecraft:obsidian":13,"minecraft:rotten_flesh":2,"minecraft:spruce_planks":1,"minecraft:spruce_log":4,"minecraft:wooden_pickaxe":2}},"DataVersion":3700}