{"stats":{"minecraft:used":{"minecraft:dirt":5,"minecraft:crafting_table":1,"minecraft:wooden_pickaxe":21},"minecraft:killed":{"minecraft:skeleton":1,"minecraft:player":3},"minecraft:mined":{"minecraft:grass_block":4,"minecraft:dirt":3,"minecraft:spruce_log":4,"minecraft:stone":10},"minecraft:custom":{"minecraft:time_since_rest":590,"minecraft:crouch_one_cm":631,"minecraft:play_time":4459,"minecraft:sprint_one_cm":14088,"minecraft:walk_one_cm":15172,"minecraft:damage_taken":561,"minecraft:deaths":2,"minecraft:sneak_time":515,"minecraft:walk_under_water_one_cm":197,"minecraft:mob_kills":1,"minecraft:drop":3,"minecraft:jump":96,"minecraft:damage_dealt":820,"minecraft:time_since_death":566,"minecraft:walk_on_water_one_cm":145,"minecraft:total_world_time":4459,"minecraft:interact_with_crafting_table":1,"minecraft:swim_one_cm":9275,"minecraft:player_kills":3,"minecraft:fall_one_cm":3270,"minecraft:fly_one_cm":9812},"minecraft:killed_by":{"minecraft:skeleton":1,"minecraft:player":1},"minecraft:picked_up":{"minecraft:bone":2,"minecraft:stick":2,"minecraft:arrow":1,"minecraft:sweet_berries":100,"minecraft:wooden_pickaxe":2,"minecraft:spruce_planks":7,"minecraft:spruce_log":5,"minecraft:dirt":19,"minecraft:cobblestone":30},"minecraft:crafted":{"minecraft:crafting_table":1,"minecraft:spruce_planks":16,"minecraft:stick":4,"minecraft:wooden_pickaxe":1},"minecraft:dropped":{"minecraft:cobblestone":10,"minecraft:dirt":6,"minecraft:wooden_pickaxe":1}},"DataVersion":3700}