{"stats":{"minecraft:used":{"minecraft:stone_sword":10,"minecraft:stone_shovel":4,"minecraft:stone_pickaxe":263,"minecraft:birch_boat":1,"minecraft:spruce_planks":2,"minecraft:wooden_pickaxe":60,"minecraft:cooked_chicken":3,"minecraft:netherrack":1,"minecraft:iron_chestplate":1,"minecraft:dirt":26,"minecraft:crafting_table":10,"minecraft:carrot":3,"minecraft:spruce_boat":1,"minecraft:apple":1,"minecraft:iron_axe":12,"minecraft:bread":4,"minecraft:stone_axe":22,"minecraft:wooden_sword":23,"minecraft:cobblestone":51,"minecraft:sweet_berries":3,"minecraft:furnace":1,"minecraft:porkchop":6,"minecraft:oak_boat":6,"minecraft:experience_bottle":1},"minecraft:killed":{"minecraft:pig":4,"minecraft:skeleton":2,"minecraft:chicken":4,"minecraft:player":7,"minecraft:villager":2},"minecraft:mined":{"minecraft:crafting_table":7,"minecraft:granite":1,"minecraft:short_grass":4,"minecraft:grass_block":11,"minecraft:cobblestone":29,"minecraft:spruce_leaves":23,"minecraft:diorite":1,"minecraft:large_fern":10,"minecraft:furnace":1,"minecraft:birch_log":5,"minecraft:iron_ore":7,"minecraft:sweet_berry_bush":3,"minecraft:spruce_log":20,"minecraft:stone_brick_stairs":1,"minecraft:oak_log":13,"minecraft:coal_ore":5,"minecraft:dirt":18,"minecraft:packed_ice":1,"minecraft:stone":246,"minecraft:netherrack":16,"minecraft:oak_leaves":16,"minecraft:fern":1},"minecraft:custom":{"minecraft:interact_with_furnace":6,"minecraft:mob_kills":12,"minecraft:interact_with_crafting_table":23,"minecraft:time_since_death":942,"minecraft:sleep_in_bed":1,"minecraft:damage_resisted":40,"minecraft:time_since_rest":972,"minecraft:sprint_one_cm":241367,"minecraft:damage_taken":5441,"minecraft:walk_one_cm":142321,"minecraft:drop":8,"minecraft:damage_dealt":3368,"minecraft:swim_one_cm":70105,"minecraft:fly_one_cm":393201,"minecraft:player_kills":8,"minecraft:open_chest":9,"minecraft:crouch_one_cm":18886,"minecraft:play_time":82447,"minecraft:deaths":15,"minecraft:sneak_time":9855,"minecraft:walk_under_water_one_cm":15950,"minecraft:boat_one_cm":173765,"minecraft:jump":2078,"minecraft:walk_on_water_one_cm":15538,"minecraft:total_world_time":82447,"minecraft:fall_one_cm":74147},"minecraft:killed_by":{"minecraft:player":7,"minecraft:skeleton":2,"minecraft:creeper":2,"minecraft:spider":1,"minecraft:zombie":1,"minecraft:enderman":1},"minecraft:picked_up":{"minecraft:birch_log":5,"minecraft:crafting_table":9,"minecraft:iron_chestplate":1,"minecraft:coarse_dirt":1,"minecraft:wheat":1,"minecraft:feather":6,"minecraft:chicken":4,"minecraft:wooden_pickaxe":3,"minecraft:oak_log":17,"minecraft:dirt":60,"minecraft:iron_axe":2,"minecraft:bone":2,"minecraft:apple":4,"minecraft:wheat_seeds":6,"minecraft:spruce_planks":7,"minecraft:stone_pickaxe":1,"minecraft:oak_boat":5,"minecraft:iron_sword":2,"minecraft:furnace":1,"minecraft:stick":8,"minecraft:raw_iron":7,"minecraft:sweet_berries":122,"minecraft:porkchop":7,"minecraft:spruce_sapling":3,"minecraft:diorite":1,"minecraft:carrot":3,"minecraft:spruce_log":26,"minecraft:arrow":1,"minecraft:rotten_flesh":1,"minecraft:granite":1,"minecraft:bread":6,"minecraft:oak_sapling":1,"minecraft:netherrack":1,"minecraft:obsidian":13,"minecraft:coal":6,"minecraft:cobblestone":311},"minecraft:crafted":{"minecraft:wooden_sword":2,"minecraft:oak_planks":52,"minecraft:stone_shovel":1,"minecraft:crafting_table":5,"minecraft:spruce_planks":84,"minecraft:birch_boat":1,"minecraft:wooden_pickaxe":4,"minecraft:cooked_chicken":4,"minecraft:furnace":1,"minecraft:birch_planks":20,"minecraft:stone_axe":2,"minecraft:air":0,"minecraft:oak_boat":1,"minecraft:shield":1,"minecraft:stick":32,"minecraft:iron_ingot":1,"minecraft:stone_pickaxe":5,"minecraft:stone_sword":2,"minecraft:spruce_boat":1},"minecraft:broken":{"minecraft:stone_pickaxe":1},"minecraft:dropped":{"minecraft:iron_sword":1,"minecraft:obsidian":13,"minecraft:cobblestone":23,"minecraft:dirt":6,"minecraft:spruce_planks":1,"minecraft:spruce_log":4,"minecraft:wooden_pickaxe":1}},"DataVersion":3700}