{"stats":{"minecraft:killed":{"born_in_chaos_v1:zombie_clown":1,"born_in_chaos_v1:firelight":1,"minecraft:skeleton":5,"minecraft:axolotl":2,"minecraft:piglin":1,"alexsmobs:grizzly_bear":1,"born_in_chaos_v1:diamond_termite":3,"born_in_chaos_v1:baby_skeleton":1,"born_in_chaos_v1:bone_imp":2,"minecraft:creeper":1,"rats:rat":3,"alexsmobs:crimson_mosquito":5,"minecraft:sheep":1,"born_in_chaos_v1:zombie_fisherman":1,"minecraft:zombie":5,"born_in_chaos_v1:dread_hound":1,"iceandfire:ghost":3,"born_in_chaos_v1:nightmare_stalker":1,"born_in_chaos_v1:door_knight":2},"minecraft:mined":{"minecraft:nether_gold_ore":106,"minecraft:tuff":26,"iceandfire:silver_ore":13,"minecraft:deepslate_diamond_ore":5,"minecraft:obsidian":4,"minecraft:granite":3,"minecraft:grass_block":2,"minecraft:crimson_roots":1,"iceandfire:deepslate_silver_ore":1,"minecraft:spawner":1,"epicpaladins:deepslate_arclight_ore":20,"epicpaladins:moonlight_ore":24,"minecraft:iron_ore":39,"minecraft:fire":14,"minecraft:andesite":7,"minecraft:gold_block":1,"minecraft:deepslate_iron_ore":6,"minecraft:stone":149,"minecraft:blackstone":49,"epicpaladins:deepslate_bloodstone_ore":33,"minecraft:tall_grass":3,"minecraft:cobblestone":3,"minecraft:lapis_ore":3,"minecraft:diorite":6,"epicpaladins:bloodstone_ore":4,"epicpaladins:deepslate_cryorium_ore":4,"minecraft:warped_fungus":1,"minecraft:grass":11,"minecraft:oak_log":20,"minecraft:coal_ore":24,"minecraft:gravel":1,"minecraft:sand":1,"minecraft:dirt":5,"minecraft:cracked_stone_bricks":1,"minecraft:stone_bricks":1,"minecraft:ancient_debris":1,"minecraft:netherrack":925,"minecraft:oak_leaves":5,"epicpaladins:arclight_ore":3,"minecraft:deepslate":134},"minecraft:broken":{"minecraft:stone_pickaxe":1},"minecraft:crafted":{"minecraft:oak_planks":48,"minecraft:iron_boots":1,"minecraft:stone_pickaxe":2,"minecraft:iron_helmet":1,"minecraft:stone_axe":1,"iceandfire:armor_silver_metal_helmet":1,"minecraft:iron_chestplate":1,"minecraft:shield":1,"minecraft:stick":12,"minecraft:iron_leggings":1,"minecraft:gold_ingot":9,"minecraft:diamond_chestplate":2},"minecraft:dropped":{"minecraft:water_bucket":3,"minecraft:wheat_seeds":2,"minecraft:diamond_leggings":1,"minecraft:warped_roots":1,"farmersdelight:chicken_cuts":63,"minecraft:flint":1,"minecraft:dirt":4,"minecraft:diorite":1,"minecraft:crimson_roots":1,"minecraft:diamond_helmet":1,"minecraft:potion":2,"minecraft:gold_nugget":28,"minecraft:sand":1,"sophisticatedbackpacks:stack_upgrade_tier_4":2,"sophisticatedbackpacks:crafting_upgrade":2,"minecraft:string":1,"minecraft:white_wool":1,"minecraft:gold_ingot":71,"minecraft:bone":7,"minecraft:gravel":38,"minecraft:stone_axe":2,"minecraft:blackstone":39,"minecraft:stone_sword":2,"minecraft:nether_brick":5,"born_in_chaos_v1:rotten_fish":1,"minecraft:rotten_flesh":22,"minecraft:oak_planks":51,"alexsmobs:bear_fur":1,"sophisticatedbackpacks:smelting_upgrade":2,"farmersdelight:cooked_chicken_cuts":51,"iceandfire:copper_sword":1,"minecraft:diamond_chestplate":1,"born_in_chaos_v1:corpse_maggot":3,"minecraft:oak_sapling":1,"born_in_chaos_v1:diamond_termite_shard":8,"minecraft:diamond_boots":1,"minecraft:arrow":1},"minecraft:picked_up":{"born_in_chaos_v1:diamond_termite_shard":8,"iceandfire:copper_sword":2,"minecraft:gold_block":1,"minecraft:potion":1,"rats:rat_paw":1,"minecraft:nether_brick":14,"minecraft:string":17,"alexsmobs:pigshoes":1,"born_in_chaos_v1:intoxicating_decoction":1,"sophisticatedbackpacks:stack_upgrade_tier_4":2,"epicpaladins:bloodstone_gem":37,"minecraft:blackstone":148,"minecraft:cobbled_deepslate":180,"minecraft:gold_nugget":423,"minecraft:iron_nugget":12,"minecraft:iron_pickaxe":1,"sophisticatedbackpacks:netherite_backpack":1,"minecraft:raw_iron":45,"epicpaladins:arclight_gem":23,"sophisticatedbackpacks:crafting_upgrade":2,"epicpaladins:moonlight_sword":1,"epicfight:skillbook":1,"minecraft:fire_charge":1,"farmersdelight:chicken_cuts":1020,"tombstone:grave_dust":8,"minecraft:diorite":16,"born_in_chaos_v1:nightmare_claw":1,"born_in_chaos_v1:pieceofdarkmetal":6,"epicpaladins:moonlight_gem":25,"minecraft:stone_sword":2,"minecraft:arrow":3,"minecraft:rotten_flesh":19,"epicpaladins:cryorium_gem":4,"minecraft:cooked_cod":1,"minecraft:gold_ingot":23,"minecraft:obsidian":5,"minecraft:mutton":1,"minecraft:white_wool":2,"minecraft:cobblestone":146,"born_in_chaos_v1:corpse_maggot":3,"born_in_chaos_v1:monster_flesh":4,"minecraft:water_bucket":2,"minecraft:andesite":7,"minecraft:leather":21,"alexsmobs:bear_fur":1,"paraglider:spirit_orb":2,"minecraft:flint":3,"minecraft:tuff":29,"minecraft:oak_log":20,"minecraft:ancient_debris":1,"iceandfire:ectoplasm":2,"rats:rat_pelt":2,"rats:raw_rat":4,"minecraft:lapis_lazuli":19,"alexsmobs:mosquito_proboscis":1,"minecraft:dirt":7,"epicpaladins:moonlight_axe":1,"born_in_chaos_v1:monster_skin":4,"minecraft:bone":10,"minecraft:stone_bricks":1,"minecraft:wheat_seeds":2,"sophisticatedbackpacks:smelting_upgrade":2,"minecraft:soul_sand":4,"epicpaladins:moonlight_pickaxe":1,"minecraft:warped_fungus":2,"minecraft:chiseled_polished_blackstone":2,"born_in_chaos_v1:ethereal_spirit":1,"minecraft:axolotl_bucket":1,"minecraft:gravel":45,"minecraft:sand":1,"minecraft:crying_obsidian":3,"alexsmobs:animal_dictionary":1,"born_in_chaos_v1:fire_dust":5,"minecraft:diamond":54,"minecraft:stone_axe":1,"minecraft:cracked_polished_blackstone_bricks":3,"minecraft:granite":3,"minecraft:warped_roots":1,"minecraft:oak_sapling":2,"tombstone:magic_scroll":1,"born_in_chaos_v1:rotten_fish":1,"minecraft:netherrack":947,"minecraft:crimson_roots":3,"minecraft:coal":25,"iceandfire:raw_silver":17},"minecraft:used":{"minecraft:stone_sword":34,"minecraft:shield":52,"minecraft:netherrack":141,"minecraft:dirt":1,"minecraft:cut_copper":1,"iceandfire:copper_sword":5,"minecraft:tuff":29,"minecraft:granite":3,"minecraft:axolotl_bucket":3,"minecraft:obsidian":5,"epicpaladins:moonlight_axe":11,"minecraft:stone_bricks":1,"farmersdelight:chicken_cuts":11,"minecraft:oak_sapling":1,"minecraft:cooked_cod":57,"tombstone:gift":4,"epicpaladins:moonlight_sword":103,"minecraft:cobbled_deepslate":97,"minecraft:water_bucket":1,"epicfight:skillbook":1,"minecraft:diorite":15,"minecraft:stone_pickaxe":147,"minecraft:oak_planks":14,"minecraft:blackstone":73,"minecraft:wooden_pickaxe":8,"epicpaladins:moonlight_pickaxe":1448,"farmersdelight:cooked_chicken_cuts":44,"minecraft:iron_pickaxe":7,"minecraft:gravel":1,"minecraft:stone_axe":16,"minecraft:cobblestone":80,"minecraft:andesite":1,"minecraft:bucket":4},"minecraft:custom":{"minecraft:mob_kills":40,"minecraft:damage_dealt_resisted":391,"minecraft:leave_game":1,"minecraft:time_since_death":72053,"minecraft:climb_one_cm":508,"minecraft:sprint_one_cm":669867,"minecraft:walk_one_cm":466583,"minecraft:damage_blocked_by_shield":1310,"minecraft:drop":73,"minecraft:damage_dealt_absorbed":72,"minecraft:play_time":147384,"minecraft:sneak_time":20877,"minecraft:deaths":2,"minecraft:walk_under_water_one_cm":10548,"minecraft:jump":3531,"minecraft:interact_with_brewingstand":1,"minecraft:walk_on_water_one_cm":14271,"minecraft:total_world_time":147384,"minecraft:time_since_rest":71513,"minecraft:damage_taken":3890,"minecraft:trigger_trapped_chest":1,"minecraft:damage_dealt":8261,"minecraft:swim_one_cm":4835,"minecraft:fly_one_cm":1166668,"minecraft:open_chest":13,"minecraft:crouch_one_cm":115004,"tombstone:undead_killed":20,"minecraft:fall_one_cm":101369}},"DataVersion":3465}