{"stats":{"minecraft:used":{"minecraft:stone_sword":10,"minecraft:stone_shovel":4,"minecraft:stone_pickaxe":353,"minecraft:birch_boat":1,"minecraft:spruce_planks":7,"minecraft:wooden_pickaxe":74,"minecraft:cooked_chicken":3,"minecraft:netherrack":1,"minecraft:iron_chestplate":1,"minecraft:dirt":31,"minecraft:crafting_table":13,"minecraft:carrot":3,"minecraft:spruce_boat":2,"minecraft:apple":1,"minecraft:iron_axe":12,"minecraft:bread":6,"minecraft:stone_axe":29,"minecraft:wooden_sword":23,"minecraft:cobblestone":53,"minecraft:sweet_berries":3,"minecraft:furnace":1,"minecraft:porkchop":6,"minecraft:oak_boat":6,"minecraft:experience_bottle":1},"minecraft:killed":{"minecraft:pig":4,"minecraft:skeleton":2,"minecraft:chicken":4,"minecraft:player":7,"minecraft:villager":2,"minecraft:cow":1},"minecraft:mined":{"minecraft:crafting_table":8,"minecraft:granite":1,"minecraft:short_grass":4,"minecraft:grass_block":12,"minecraft:copper_ore":1,"minecraft:cobblestone":29,"minecraft:spruce_leaves":25,"minecraft:diorite":27,"minecraft:large_fern":10,"minecraft:furnace":1,"minecraft:birch_log":11,"minecraft:iron_ore":7,"minecraft:wheat":17,"minecraft:sweet_berry_bush":3,"minecraft:spruce_log":26,"minecraft:andesite":23,"minecraft:stone_brick_stairs":1,"minecraft:potatoes":1,"minecraft:oak_log":13,"minecraft:coal_ore":5,"minecraft:dirt":22,"minecraft:packed_ice":1,"minecraft:stone":295,"minecraft:netherrack":16,"minecraft:oak_leaves":16,"minecraft:fern":1},"minecraft:custom":{"minecraft:interact_with_furnace":6,"minecraft:mob_kills":13,"minecraft:interact_with_crafting_table":31,"minecraft:time_since_death":7708,"minecraft:sleep_in_bed":1,"minecraft:damage_resisted":40,"minecraft:time_since_rest":7730,"minecraft:sprint_one_cm":270841,"minecraft:damage_taken":5832,"minecraft:walk_one_cm":159657,"minecraft:drop":8,"minecraft:damage_dealt":3493,"minecraft:swim_one_cm":73947,"minecraft:fly_one_cm":440486,"minecraft:player_kills":8,"minecraft:open_chest":9,"minecraft:crouch_one_cm":22670,"minecraft:play_time":94447,"minecraft:deaths":16,"minecraft:sneak_time":12609,"minecraft:walk_under_water_one_cm":17983,"minecraft:boat_one_cm":223775,"minecraft:jump":2313,"minecraft:walk_on_water_one_cm":16207,"minecraft:total_world_time":94447,"minecraft:fall_one_cm":80833},"minecraft:killed_by":{"minecraft:player":8,"minecraft:skeleton":2,"minecraft:creeper":2,"minecraft:spider":1,"minecraft:zombie":1,"minecraft:enderman":1},"minecraft:picked_up":{"minecraft:birch_log":10,"minecraft:crafting_table":10,"minecraft:iron_chestplate":1,"minecraft:coarse_dirt":1,"minecraft:wheat":9,"minecraft:feather":6,"minecraft:chicken":4,"minecraft:andesite":26,"minecraft:leather":1,"minecraft:wooden_pickaxe":3,"minecraft:potato":1,"minecraft:birch_planks":28,"minecraft:oak_log":17,"minecraft:dirt":65,"minecraft:raw_copper":3,"minecraft:iron_axe":2,"minecraft:flint_and_steel":1,"minecraft:bone":2,"minecraft:apple":4,"minecraft:wheat_seeds":35,"minecraft:beef":2,"minecraft:spruce_planks":7,"minecraft:stone_pickaxe":1,"minecraft:oak_boat":5,"minecraft:oak_planks":14,"minecraft:iron_sword":2,"minecraft:furnace":1,"minecraft:stick":12,"minecraft:raw_iron":7,"minecraft:sweet_berries":122,"minecraft:porkchop":7,"minecraft:spruce_sapling":11,"minecraft:diorite":27,"minecraft:carrot":3,"minecraft:spruce_log":32,"minecraft:arrow":1,"minecraft:rotten_flesh":1,"minecraft:spruce_boat":1,"minecraft:granite":1,"minecraft:bread":6,"minecraft:oak_sapling":1,"minecraft:netherrack":1,"minecraft:obsidian":13,"minecraft:coal":11,"minecraft:cobblestone":461},"minecraft:crafted":{"minecraft:wooden_sword":2,"minecraft:oak_planks":52,"minecraft:stone_shovel":1,"minecraft:crafting_table":7,"minecraft:spruce_planks":108,"minecraft:birch_boat":1,"minecraft:wooden_pickaxe":5,"minecraft:cooked_chicken":4,"minecraft:furnace":1,"minecraft:birch_planks":20,"minecraft:stone_axe":4,"minecraft:bread":2,"minecraft:air":0,"minecraft:oak_boat":1,"minecraft:shield":1,"minecraft:stick":48,"minecraft:iron_ingot":1,"minecraft:stone_pickaxe":7,"minecraft:stone_sword":4,"minecraft:spruce_boat":2},"minecraft:broken":{"minecraft:stone_pickaxe":1},"minecraft:dropped":{"minecraft:iron_sword":1,"minecraft:obsidian":13,"minecraft:cobblestone":23,"minecraft:dirt":6,"minecraft:spruce_planks":1,"minecraft:spruce_log":4,"minecraft:wooden_pickaxe":1}},"DataVersion":3700}