{"stats":{"minecraft:killed":{"minecraft:skeleton":1,"minecraft:zombie":1,"minecraft:spider":2},"minecraft:used":{"minecraft:golden_boots":3,"minecraft:flint_and_steel":51,"quark:crimson_chest":1,"minecraft:gravel":1,"minecraft:sand":18,"minecraft:dirt":1,"minecraft:acacia_planks":2},"minecraft:mined":{"minecraft:acacia_leaves":1,"minecraft:fire":42,"minecraft:grass":26,"minecraft:gravel":1,"minecraft:tall_grass":2},"minecraft:dropped":{"minecraft:dirt":17,"minecraft:porkchop":1,"minecraft:wheat_seeds":9,"minecraft:clock":6,"minecraft:iron_nugget":12,"minecraft:rotten_flesh":30,"minecraft:arrow":1,"minecraft:sand":58,"quark:crimson_chest":4,"quark:music_disc_crickets":5,"minecraft:string":13,"minecraft:flint_and_steel":5,"minecraft:bone":7,"minecraft:flint":12},"minecraft:custom":{"minecraft:time_since_rest":9159,"minecraft:sprint_one_cm":46425,"minecraft:damage_taken":2020,"minecraft:walk_one_cm":38241,"minecraft:mob_kills":6,"minecraft:drop":57,"minecraft:damage_dealt":1235,"minecraft:swim_one_cm":16704,"minecraft:player_kills":1,"minecraft:fly_one_cm":104887,"minecraft:open_chest":2,"minecraft:crouch_one_cm":4166,"minecraft:play_time":51526,"minecraft:deaths":8,"minecraft:sneak_time":2029,"minecraft:walk_under_water_one_cm":3462,"minecraft:jump":567,"minecraft:leave_game":1,"minecraft:walk_on_water_one_cm":16934,"minecraft:time_since_death":9123,"minecraft:total_world_time":51526,"minecraft:fall_one_cm":14364},"minecraft:picked_up":{"quark:crimson_chest":7,"minecraft:clock":6,"minecraft:gravel":1,"minecraft:porkchop":1,"minecraft:flint":14,"minecraft:sand":95,"minecraft:golden_boots":3,"minecraft:dirt":18,"minecraft:string":19,"minecraft:flint_and_steel":7,"minecraft:arrow":2,"minecraft:acacia_planks":2,"minecraft:bone":10,"minecraft:rotten_flesh":30,"quark:music_disc_crickets":6,"minecraft:wheat_seeds":10,"minecraft:iron_nugget":12},"minecraft:killed_by":{"minecraft:player":1,"minecraft:drowned":1,"minecraft:skeleton":3,"minecraft:spider":2}},"DataVersion":3465}