{"stats":{"minecraft:killed":{"born_in_chaos_v1:zombie_clown":1,"rats:demon_rat":2,"born_in_chaos_v1:restless_spirit":1,"born_in_chaos_v1:door_knight_not_despawn":1,"minecraft:spider":4,"born_in_chaos_v1:firelight":2,"minecraft:skeleton":5,"minecraft:axolotl":2,"minecraft:magma_cube":1,"minecraft:piglin":2,"alexsmobs:grizzly_bear":1,"born_in_chaos_v1:diamond_termite":3,"born_in_chaos_v1:baby_skeleton":1,"born_in_chaos_v1:bone_imp":4,"minecraft:hoglin":1,"minecraft:creeper":1,"rats:rat":3,"alexsmobs:crimson_mosquito":5,"born_in_chaos_v1:decrepit_skeleton":2,"minecraft:sheep":1,"born_in_chaos_v1:zombie_fisherman":1,"minecraft:zombie":5,"born_in_chaos_v1:dread_hound":1,"iceandfire:ghost":4,"born_in_chaos_v1:corpse_fly":1,"born_in_chaos_v1:nightmare_stalker":1,"born_in_chaos_v1:door_knight":2},"minecraft:mined":{"minecraft:nether_gold_ore":155,"minecraft:tuff":26,"iceandfire:silver_ore":13,"minecraft:deepslate_diamond_ore":5,"minecraft:jungle_slab":1,"farmersdelight:wild_carrots":3,"minecraft:obsidian":29,"minecraft:orange_banner":1,"minecraft:granite":3,"minecraft:spruce_fence":1,"minecraft:grass_block":2,"minecraft:crimson_roots":3,"minecraft:cracked_polished_blackstone_bricks":2,"iceandfire:deepslate_silver_ore":1,"minecraft:spawner":4,"epicpaladins:deepslate_arclight_ore":20,"epicpaladins:moonlight_ore":41,"minecraft:magma_block":10,"minecraft:iron_ore":44,"minecraft:cobbled_deepslate":1,"minecraft:fire":17,"born_in_chaos_v1:black_argillite_brick_stairs":1,"minecraft:andesite":12,"minecraft:gold_block":1,"minecraft:vine":1,"minecraft:deepslate_iron_ore":6,"minecraft:warped_stem":7,"minecraft:stone":245,"minecraft:spruce_slab":1,"minecraft:blackstone":69,"epicpaladins:deepslate_bloodstone_ore":33,"minecraft:crimson_nylium":5,"minecraft:jungle_stairs":2,"minecraft:warped_roots":2,"minecraft:copper_ore":2,"minecraft:tall_grass":4,"minecraft:cobblestone":3,"minecraft:lapis_ore":3,"minecraft:diorite":7,"epicpaladins:bloodstone_ore":4,"minecraft:warped_nylium":5,"minecraft:black_wall_banner":1,"epicpaladins:deepslate_cryorium_ore":4,"minecraft:birch_leaves":2,"minecraft:warped_fungus":1,"minecraft:grass":11,"minecraft:oak_log":20,"minecraft:coal_ore":24,"minecraft:dripstone_block":1,"minecraft:sand":1,"minecraft:gravel":1,"minecraft:dirt":10,"minecraft:cracked_stone_bricks":1,"minecraft:terracotta":1,"minecraft:wither_skeleton_skull":1,"minecraft:stone_bricks":1,"minecraft:netherrack":1488,"minecraft:ancient_debris":1,"minecraft:oak_leaves":5,"epicpaladins:arclight_ore":3,"minecraft:deepslate":134},"minecraft:broken":{"minecraft:stone_pickaxe":1,"epicpaladins:moonlight_pickaxe":1},"minecraft:crafted":{"minecraft:oak_planks":48,"minecraft:flint_and_steel":1,"minecraft:iron_boots":1,"minecraft:stone_pickaxe":2,"minecraft:iron_helmet":1,"minecraft:stone_axe":1,"iceandfire:armor_silver_metal_helmet":1,"epicpaladins:moonlight_pickaxe":1,"minecraft:iron_chestplate":1,"minecraft:shield":1,"minecraft:stick":12,"minecraft:gold_ingot":14,"minecraft:iron_leggings":1,"minecraft:diamond_chestplate":2},"minecraft:dropped":{"minecraft:water_bucket":3,"minecraft:soul_sand":2,"minecraft:wheat_seeds":2,"minecraft:warped_fungus":1,"minecraft:diamond_leggings":1,"minecraft:warped_roots":3,"farmersdelight:chicken_cuts":63,"minecraft:red_mushroom":2,"minecraft:flint":1,"minecraft:dirt":4,"minecraft:diorite":1,"minecraft:crimson_roots":10,"minecraft:diamond_helmet":1,"minecraft:potion":2,"minecraft:gold_nugget":32,"minecraft:sand":1,"sophisticatedbackpacks:stack_upgrade_tier_4":2,"sophisticatedbackpacks:crafting_upgrade":2,"minecraft:string":1,"minecraft:white_wool":1,"minecraft:gold_ingot":118,"minecraft:bone":7,"minecraft:gravel":44,"minecraft:stone_axe":2,"minecraft:blackstone":39,"minecraft:stone_sword":3,"minecraft:nether_brick":5,"minecraft:pointed_dripstone":1,"born_in_chaos_v1:rotten_fish":1,"minecraft:rotten_flesh":24,"minecraft:oak_planks":51,"alexsmobs:bear_fur":1,"sophisticatedbackpacks:smelting_upgrade":2,"farmersdelight:cooked_chicken_cuts":51,"iceandfire:copper_sword":1,"minecraft:diamond_chestplate":1,"born_in_chaos_v1:corpse_maggot":3,"minecraft:oak_sapling":1,"born_in_chaos_v1:diamond_termite_shard":8,"minecraft:spider_eye":1,"minecraft:diamond_boots":1,"minecraft:arrow":1,"minecraft:stone_pickaxe":1,"minecraft:quartz":8},"minecraft:picked_up":{"born_in_chaos_v1:diamond_termite_shard":8,"minecraft:splash_potion":1,"iceandfire:copper_sword":2,"minecraft:orange_banner":1,"minecraft:gold_block":1,"minecraft:potion":2,"rats:rat_paw":1,"minecraft:nether_brick":25,"minecraft:string":28,"minecraft:raw_copper":7,"alexsmobs:pigshoes":2,"born_in_chaos_v1:intoxicating_decoction":1,"sophisticatedbackpacks:stack_upgrade_tier_4":2,"epicpaladins:bloodstone_gem":37,"minecraft:blackstone":198,"minecraft:cobbled_deepslate":181,"minecraft:gold_nugget":640,"minecraft:iron_nugget":12,"minecraft:iron_pickaxe":1,"sophisticatedbackpacks:netherite_backpack":1,"minecraft:raw_iron":50,"epicpaladins:arclight_gem":23,"sophisticatedbackpacks:crafting_upgrade":2,"epicpaladins:moonlight_sword":1,"minecraft:porkchop":2,"epicfight:skillbook":2,"minecraft:fire_charge":5,"minecraft:carrot":3,"minecraft:pointed_dripstone":1,"farmersdelight:chicken_cuts":1020,"tombstone:grave_dust":9,"minecraft:diorite":16,"born_in_chaos_v1:nightmare_claw":1,"born_in_chaos_v1:pieceofdarkmetal":6,"epicpaladins:moonlight_gem":42,"minecraft:stone_sword":2,"minecraft:arrow":3,"minecraft:rotten_flesh":21,"epicpaladins:cryorium_gem":4,"minecraft:cooked_cod":1,"minecraft:black_banner":1,"minecraft:gold_ingot":42,"minecraft:obsidian":31,"minecraft:mutton":1,"minecraft:white_wool":2,"minecraft:cobblestone":210,"born_in_chaos_v1:corpse_maggot":3,"minecraft:magma_block":10,"minecraft:magma_cream":1,"born_in_chaos_v1:monster_flesh":4,"minecraft:water_bucket":2,"minecraft:andesite":11,"minecraft:leather":28,"minecraft:red_mushroom":2,"alexsmobs:bear_fur":1,"paraglider:spirit_orb":8,"minecraft:flint":3,"minecraft:tuff":29,"minecraft:oak_log":20,"minecraft:ancient_debris":1,"iceandfire:ectoplasm":2,"rats:rat_pelt":2,"minecraft:wither_skeleton_skull":1,"rats:raw_rat":4,"minecraft:lapis_lazuli":19,"alexsmobs:mosquito_proboscis":1,"minecraft:dirt":11,"epicpaladins:moonlight_axe":1,"born_in_chaos_v1:monster_skin":4,"minecraft:bone":15,"minecraft:stone_bricks":1,"minecraft:wheat_seeds":2,"minecraft:warped_stem":7,"minecraft:iron_ingot":1,"sophisticatedbackpacks:smelting_upgrade":2,"minecraft:soul_sand":6,"epicpaladins:moonlight_pickaxe":1,"minecraft:warped_fungus":2,"minecraft:chiseled_polished_blackstone":2,"minecraft:dripstone_block":1,"minecraft:quartz":8,"born_in_chaos_v1:ethereal_spirit":1,"minecraft:axolotl_bucket":1,"minecraft:gravel":100,"minecraft:sand":1,"minecraft:spider_eye":1,"minecraft:crying_obsidian":4,"minecraft:spectral_arrow":34,"alexsmobs:animal_dictionary":1,"born_in_chaos_v1:fire_dust":8,"minecraft:diamond":54,"minecraft:stone_axe":1,"minecraft:cracked_polished_blackstone_bricks":5,"minecraft:granite":3,"minecraft:warped_roots":3,"minecraft:oak_sapling":2,"tombstone:magic_scroll":1,"born_in_chaos_v1:rotten_fish":1,"minecraft:netherrack":1438,"minecraft:crimson_roots":10,"minecraft:coal":25,"iceandfire:raw_silver":17},"minecraft:used":{"minecraft:stone_sword":34,"minecraft:flint_and_steel":1,"minecraft:shield":59,"minecraft:netherrack":462,"minecraft:dirt":5,"minecraft:cut_copper":1,"iceandfire:copper_sword":5,"minecraft:tuff":29,"minecraft:granite":3,"minecraft:axolotl_bucket":3,"minecraft:obsidian":17,"epicpaladins:moonlight_axe":28,"minecraft:stone_bricks":1,"farmersdelight:chicken_cuts":11,"minecraft:magma_block":3,"minecraft:oak_sapling":1,"minecraft:cooked_cod":57,"tombstone:gift":4,"epicpaladins:moonlight_sword":185,"minecraft:cobbled_deepslate":162,"minecraft:water_bucket":1,"epicfight:skillbook":1,"minecraft:diorite":15,"minecraft:stone_pickaxe":147,"minecraft:oak_planks":14,"minecraft:blackstone":95,"minecraft:wooden_pickaxe":8,"minecraft:dripstone_block":1,"epicpaladins:moonlight_pickaxe":2270,"farmersdelight:cooked_chicken_cuts":90,"minecraft:iron_pickaxe":7,"minecraft:gravel":1,"minecraft:stone_axe":16,"minecraft:cobblestone":80,"minecraft:andesite":5,"minecraft:bucket":4},"minecraft:custom":{"minecraft:mob_kills":58,"minecraft:open_barrel":17,"minecraft:damage_dealt_resisted":1505,"minecraft:leave_game":2,"minecraft:time_since_death":121412,"minecraft:climb_one_cm":3068,"minecraft:sprint_one_cm":849660,"minecraft:walk_one_cm":633871,"minecraft:damage_blocked_by_shield":1570,"minecraft:drop":102,"minecraft:damage_dealt_absorbed":72,"minecraft:play_time":196743,"minecraft:sneak_time":30572,"minecraft:deaths":2,"minecraft:walk_under_water_one_cm":10650,"minecraft:jump":4658,"minecraft:interact_with_brewingstand":1,"minecraft:walk_on_water_one_cm":14490,"minecraft:total_world_time":196743,"minecraft:time_since_rest":120872,"minecraft:damage_taken":5110,"minecraft:trigger_trapped_chest":2,"minecraft:damage_dealt":12020,"minecraft:swim_one_cm":6805,"minecraft:fly_one_cm":1496615,"minecraft:open_chest":19,"minecraft:crouch_one_cm":164803,"tombstone:undead_killed":26,"minecraft:fall_one_cm":132682}},"DataVersion":3465}