{"stats":{"minecraft:used":{"minecraft:spruce_planks":2,"minecraft:wooden_pickaxe":21,"minecraft:wooden_sword":1,"minecraft:dirt":5,"minecraft:crafting_table":1},"minecraft:killed":{"minecraft:skeleton":1,"minecraft:player":6},"minecraft:mined":{"minecraft:spruce_log":6,"minecraft:grass_block":5,"minecraft:dirt":4,"minecraft:spruce_leaves":9,"minecraft:stone":10},"minecraft:custom":{"minecraft:time_since_rest":1787,"minecraft:sprint_one_cm":28060,"minecraft:damage_taken":1986,"minecraft:walk_one_cm":30609,"minecraft:mob_kills":1,"minecraft:drop":4,"minecraft:damage_dealt":1448,"minecraft:swim_one_cm":9756,"minecraft:interact_with_crafting_table":3,"minecraft:fly_one_cm":29164,"minecraft:player_kills":6,"minecraft:crouch_one_cm":4009,"minecraft:play_time":16459,"minecraft:deaths":8,"minecraft:sneak_time":1900,"minecraft:walk_under_water_one_cm":2314,"minecraft:jump":321,"minecraft:walk_on_water_one_cm":2024,"minecraft:time_since_death":1763,"minecraft:total_world_time":16459,"minecraft:fall_one_cm":10223},"minecraft:killed_by":{"minecraft:player":5,"minecraft:skeleton":1,"minecraft:zombie":1,"minecraft:enderman":1},"minecraft:picked_up":{"minecraft:stick":3,"minecraft:sweet_berries":100,"minecraft:wooden_pickaxe":2,"minecraft:spruce_sapling":1,"minecraft:spruce_log":8,"minecraft:dirt":21,"minecraft:arrow":1,"minecraft:bone":2,"minecraft:rotten_flesh":1,"minecraft:spruce_planks":7,"minecraft:cobblestone":30},"minecraft:crafted":{"minecraft:wooden_sword":1,"minecraft:crafting_table":1,"minecraft:spruce_planks":28,"minecraft:stick":8,"minecraft:wooden_pickaxe":1,"minecraft:stone_pickaxe":1},"minecraft:dropped":{"minecraft:dirt":6,"minecraft:spruce_planks":1,"minecraft:cobblestone":10,"minecraft:wooden_pickaxe":1}},"DataVersion":3700}