{"stats":{"minecraft:used":{"minecraft:stone_pickaxe":16,"minecraft:spruce_planks":2,"minecraft:wooden_pickaxe":31,"minecraft:stone_axe":1,"minecraft:wooden_sword":8,"minecraft:dirt":7,"minecraft:crafting_table":2,"minecraft:experience_bottle":1},"minecraft:killed":{"minecraft:skeleton":1,"minecraft:player":6},"minecraft:custom":{"minecraft:time_since_rest":176,"minecraft:sprint_one_cm":51003,"minecraft:damage_taken":3453,"minecraft:walk_one_cm":41697,"minecraft:mob_kills":1,"minecraft:drop":4,"minecraft:damage_dealt":1744,"minecraft:swim_one_cm":58255,"minecraft:interact_with_crafting_table":8,"minecraft:fly_one_cm":75035,"minecraft:player_kills":7,"minecraft:open_chest":1,"minecraft:crouch_one_cm":7537,"minecraft:play_time":28459,"minecraft:deaths":10,"minecraft:sneak_time":3416,"minecraft:walk_under_water_one_cm":7091,"minecraft:jump":552,"minecraft:walk_on_water_one_cm":7880,"minecraft:time_since_death":4374,"minecraft:sleep_in_bed":1,"minecraft:total_world_time":28459,"minecraft:damage_resisted":40,"minecraft:fall_one_cm":32821},"minecraft:mined":{"minecraft:large_fern":3,"minecraft:spruce_log":9,"minecraft:crafting_table":1,"minecraft:short_grass":1,"minecraft:oak_log":7,"minecraft:grass_block":6,"minecraft:dirt":4,"minecraft:packed_ice":1,"minecraft:spruce_leaves":11,"minecraft:stone":36,"minecraft:fern":1},"minecraft:killed_by":{"minecraft:player":6,"minecraft:skeleton":1,"minecraft:zombie":1,"minecraft:enderman":1},"minecraft:picked_up":{"minecraft:crafting_table":2,"minecraft:stick":3,"minecraft:sweet_berries":100,"minecraft:wooden_pickaxe":2,"minecraft:oak_log":7,"minecraft:spruce_sapling":1,"minecraft:spruce_log":11,"minecraft:dirt":22,"minecraft:arrow":1,"minecraft:bone":2,"minecraft:rotten_flesh":1,"minecraft:wheat_seeds":1,"minecraft:spruce_planks":7,"minecraft:cobblestone":56},"minecraft:crafted":{"minecraft:wooden_sword":1,"minecraft:oak_planks":28,"minecraft:shield":1,"minecraft:crafting_table":3,"minecraft:spruce_planks":40,"minecraft:stick":12,"minecraft:iron_ingot":1,"minecraft:wooden_pickaxe":2,"minecraft:stone_pickaxe":2,"minecraft:stone_sword":1,"minecraft:stone_axe":1},"minecraft:dropped":{"minecraft:dirt":6,"minecraft:spruce_planks":1,"minecraft:cobblestone":10,"minecraft:wooden_pickaxe":1}},"DataVersion":3700}