{
  "repurposed_structures:root": {
    "criteria": {
      "always": "2024-07-13 20:44:56 +0000"
    },
    "done": true
  },
  "minecraft:adventure/adventuring_time": {
    "criteria": {
      "minecraft:beach": "2024-07-13 20:44:59 +0000",
      "minecraft:lukewarm_ocean": "2024-07-13 21:44:10 +0000",
      "minecraft:river": "2024-07-13 20:47:00 +0000",
      "minecraft:stony_shore": "2024-07-13 20:46:21 +0000",
      "minecraft:savanna": "2024-07-13 20:46:51 +0000"
    },
    "done": false
  },
  "minecraft:husbandry/balanced_diet": {
    "criteria": {
      "porkchop": "2024-07-13 21:22:30 +0000",
      "golden_apple": "2024-07-13 20:59:36 +0000"
    },
    "done": false
  },
  "minecraft:husbandry/root": {
    "criteria": {
      "consumed_item": "2024-07-13 20:59:36 +0000"
    },
    "done": true
  },
  "minecraft:adventure/root": {
    "criteria": {
      "killed_by_something": "2024-07-13 21:05:53 +0000"
    },
    "done": true
  },
  "minecraft:adventure/kill_a_mob": {
    "criteria": {
      "minecraft:zombie": "2024-07-13 21:10:39 +0000"
    },
    "done": true
  },
  "minecraft:adventure/kill_all_mobs": {
    "criteria": {
      "minecraft:spider": "2024-07-13 21:23:17 +0000",
      "minecraft:zombie": "2024-07-13 21:10:39 +0000"
    },
    "done": false
  },
  "DataVersion": 3465
}