{
  "quark:throw_pickarang": {
    "criteria": {
      "throw_pickarang": "2024-07-14 03:02:27 +0000"
    },
    "done": true
  },
  "quark:get_all_corundum": {
    "criteria": {
      "red": "2024-07-14 02:37:22 +0000",
      "white": "2024-07-14 03:21:34 +0000"
    },
    "done": false
  },
  "quark:crawl_in_hollow_log": {
    "criteria": {
      "crawl_in_hollow_log": "2024-07-14 02:17:03 +0000"
    },
    "done": true
  },
  "minecraft:husbandry/balanced_diet": {
    "criteria": {
      "bread": "2024-07-14 02:24:20 +0000",
      "glow_berries": "2024-07-14 03:19:01 +0000",
      "carrot": "2024-07-14 02:51:52 +0000"
    },
    "done": false
  },
  "minecraft:story/root": {
    "criteria": {
      "crafting_table": "2024-07-14 02:03:13 +0000"
    },
    "done": true
  },
  "minecraft:adventure/kill_a_mob": {
    "criteria": {
      "minecraft:zombie": "2024-07-14 02:25:22 +0000"
    },
    "done": true
  },
  "minecraft:story/mine_stone": {
    "criteria": {
      "get_stone": "2024-07-14 02:04:31 +0000"
    },
    "done": true
  },
  "minecraft:adventure/adventuring_time": {
    "criteria": {
      "minecraft:eroded_badlands": "2024-07-14 02:19:03 +0000",
      "minecraft:badlands": "2024-07-14 01:51:15 +0000",
      "minecraft:beach": "2024-07-14 02:17:40 +0000",
      "minecraft:river": "2024-07-14 03:22:43 +0000",
      "minecraft:desert": "2024-07-14 01:45:26 +0000",
      "minecraft:warm_ocean": "2024-07-14 03:22:58 +0000",
      "minecraft:savanna": "2024-07-14 01:59:00 +0000",
      "minecraft:plains": "2024-07-14 01:52:11 +0000"
    },
    "done": false
  },
  "minecraft:husbandry/root": {
    "criteria": {
      "consumed_item": "2024-07-14 02:24:20 +0000"
    },
    "done": true
  },
  "minecraft:adventure/root": {
    "criteria": {
      "killed_by_something": "2024-07-14 02:05:59 +0000"
    },
    "done": true
  },
  "minecraft:adventure/shoot_arrow": {
    "criteria": {
      "shot_arrow": "2024-07-14 02:43:34 +0000"
    },
    "done": true
  },
  "minecraft:adventure/kill_all_mobs": {
    "criteria": {
      "minecraft:skeleton": "2024-07-14 02:40:21 +0000",
      "minecraft:spider": "2024-07-14 03:04:16 +0000",
      "minecraft:creeper": "2024-07-14 02:39:56 +0000",
      "minecraft:husk": "2024-07-14 03:28:18 +0000",
      "minecraft:cave_spider": "2024-07-14 02:44:29 +0000",
      "minecraft:zombie": "2024-07-14 02:25:22 +0000",
      "minecraft:zombie_villager": "2024-07-14 02:25:30 +0000"
    },
    "done": false
  },
  "minecraft:story/upgrade_tools": {
    "criteria": {
      "stone_pickaxe": "2024-07-14 02:07:04 +0000"
    },
    "done": true
  },
  "minecraft:story/smelt_iron": {
    "criteria": {
      "iron": "2024-07-14 02:24:51 +0000"
    },
    "done": true
  },
  "DataVersion": 3465
}