{
  "minecraft:adventure/kill_a_mob": {
    "criteria": {
      "minecraft:spider": "2024-07-13 21:28:47 +0000"
    },
    "done": true
  },
  "minecraft:adventure/adventuring_time": {
    "criteria": {
      "minecraft:beach": "2024-07-13 21:17:48 +0000",
      "minecraft:lukewarm_ocean": "2024-07-13 21:43:51 +0000",
      "minecraft:river": "2024-07-13 21:52:01 +0000",
      "minecraft:stony_shore": "2024-07-13 21:45:25 +0000",
      "minecraft:savanna": "2024-07-13 21:18:12 +0000"
    },
    "done": false
  },
  "minecraft:adventure/root": {
    "criteria": {
      "killed_by_something": "2024-07-13 21:22:31 +0000"
    },
    "done": true
  },
  "minecraft:adventure/kill_all_mobs": {
    "criteria": {
      "minecraft:skeleton": "2024-07-13 21:43:37 +0000",
      "minecraft:spider": "2024-07-13 21:28:47 +0000",
      "minecraft:zombie": "2024-07-13 21:46:09 +0000"
    },
    "done": false
  },
  "repurposed_structures:root": {
    "criteria": {
      "always": "2024-07-13 21:17:47 +0000"
    },
    "done": true
  },
  "DataVersion": 3465
}