{
  "minecraft:adventure/adventuring_time": {
    "criteria": {
      "minecraft:eroded_badlands": "2024-07-14 03:08:49 +0000",
      "minecraft:badlands": "2024-07-14 01:46:23 +0000",
      "minecraft:beach": "2024-07-14 02:17:42 +0000",
      "minecraft:river": "2024-07-14 01:47:26 +0000",
      "minecraft:lukewarm_ocean": "2024-07-14 03:27:34 +0000",
      "minecraft:desert": "2024-07-14 01:45:19 +0000",
      "minecraft:warm_ocean": "2024-07-14 03:23:15 +0000",
      "minecraft:savanna": "2024-07-14 01:52:30 +0000",
      "minecraft:plains": "2024-07-14 01:50:40 +0000"
    },
    "done": false
  },
  "minecraft:adventure/kill_a_mob": {
    "criteria": {
      "minecraft:drowned": "2024-07-14 01:46:35 +0000"
    },
    "done": true
  },
  "minecraft:adventure/root": {
    "criteria": {
      "killed_something": "2024-07-14 01:46:35 +0000"
    },
    "done": true
  },
  "minecraft:adventure/kill_all_mobs": {
    "criteria": {
      "minecraft:skeleton": "2024-07-14 02:37:13 +0000",
      "minecraft:creeper": "2024-07-14 03:10:10 +0000",
      "minecraft:husk": "2024-07-14 01:48:29 +0000",
      "minecraft:cave_spider": "2024-07-14 02:44:17 +0000",
      "minecraft:zombie": "2024-07-14 01:49:52 +0000",
      "minecraft:drowned": "2024-07-14 01:46:35 +0000"
    },
    "done": false
  },
  "minecraft:husbandry/balanced_diet": {
    "criteria": {
      "porkchop": "2024-07-14 02:12:16 +0000",
      "bread": "2024-07-14 02:24:29 +0000",
      "rotten_flesh": "2024-07-14 01:48:35 +0000"
    },
    "done": false
  },
  "minecraft:husbandry/root": {
    "criteria": {
      "consumed_item": "2024-07-14 01:48:35 +0000"
    },
    "done": true
  },
  "quark:throw_pickarang": {
    "criteria": {
      "throw_pickarang": "2024-07-14 03:02:46 +0000"
    },
    "done": true
  },
  "quark:get_all_corundum": {
    "criteria": {
      "red": "2024-07-14 02:37:38 +0000",
      "white": "2024-07-14 02:39:20 +0000"
    },
    "done": false
  },
  "quark:crawl_in_hollow_log": {
    "criteria": {
      "crawl_in_hollow_log": "2024-07-14 02:17:01 +0000"
    },
    "done": true
  },
  "minecraft:story/iron_tools": {
    "criteria": {
      "iron_pickaxe": "2024-07-14 02:34:18 +0000"
    },
    "done": true
  },
  "minecraft:story/root": {
    "criteria": {
      "crafting_table": "2024-07-14 02:02:21 +0000"
    },
    "done": true
  },
  "minecraft:story/obtain_armor": {
    "criteria": {
      "iron_chestplate": "2024-07-14 02:52:38 +0000"
    },
    "done": true
  },
  "minecraft:story/mine_stone": {
    "criteria": {
      "get_stone": "2024-07-14 02:02:50 +0000"
    },
    "done": true
  },
  "minecraft:adventure/sleep_in_bed": {
    "criteria": {
      "slept_in_bed": "2024-07-14 03:10:48 +0000"
    },
    "done": true
  },
  "minecraft:story/upgrade_tools": {
    "criteria": {
      "stone_pickaxe": "2024-07-14 02:04:08 +0000"
    },
    "done": true
  },
  "minecraft:story/smelt_iron": {
    "criteria": {
      "iron": "2024-07-14 02:15:09 +0000"
    },
    "done": true
  },
  "DataVersion": 3465
}