{
    "parent": "main:enderpearl",
    "display": {
      "icon": {
        "id": "minecraft:leather_boots",
        "components": {
          "minecraft:dyed_color": {
            "rgb": 16777215
          }
        }
      },
      "title": {
        "translate": "advancements.adventure.walk_on_powder_snow_with_leather_boots.title",
        "bold": true
      },
      "description": {
        "translate": "advancements.adventure.walk_on_powder_snow_with_leather_boots.description",
        "color":"gray",
        "bold": false
      },
      "frame": "task",
      "show_toast": true,
      "announce_to_chat": false,
      "hidden": false
    },
    "criteria": {
      "walk_on_powder_snow_with_leather_boots": {
        "trigger": "minecraft:location",
        "conditions": {
          "player": [
            {
              "condition": "minecraft:entity_properties",
              "predicate": {
                "stepping_on": {
                  "block": {
                    "blocks": [
                      "minecraft:powder_snow"
                    ]
                  }
                },
                "equipment": {
                  "feet": {
                    "items": [
                      "minecraft:leather_boots"
                    ]
                  }
                }
              },
              "entity": "this"
            }
          ]
        }
      }
    },
    "requirements": [
      [
        "walk_on_powder_snow_with_leather_boots"
      ]
    ]
  }