{
    "display": {
      "icon": {
        "id": "minecraft:tnt"
      },
      "title": {
        "text": "TNT Trouble",
        "bold": true,
        "color": "red"
      },
      "description": {
        "text": "Blow up a pathway using TNT!",
        "color": "gray",
        "bold": false
      },
      "show_toast": true,
      "announce_to_chat": false,
      "hidden": false
    },
    "parent": "main:root",
    "criteria": {
      "root": {
        "trigger": "minecraft:impossible"
      }
    }
  }
  